Copyright 1986-2019 Xilinx, Inc. All Rights Reserved.
-----------------------------------------------------------------------------------------------------------------------------------------------------------------------------------------------------------------
| Tool Version : Vivado v.2019.1 (win64) Build 2552052 Fri May 24 14:49:42 MDT 2019
| Date         : Mon May 11 22:43:12 2026
| Host         : Woodong_PC_25 running 64-bit major release  (build 9200)
| Command      : report_timing_summary -max_paths 10 -file system_wrapper_timing_summary_routed.rpt -pb system_wrapper_timing_summary_routed.pb -rpx system_wrapper_timing_summary_routed.rpx -warn_on_violation
| Design       : system_wrapper
| Device       : 7z020-clg484
| Speed File   : -1  PRODUCTION 1.11 2014-09-11
-----------------------------------------------------------------------------------------------------------------------------------------------------------------------------------------------------------------

Timing Summary Report

------------------------------------------------------------------------------------------------
| Timer Settings
| --------------
------------------------------------------------------------------------------------------------

  Enable Multi Corner Analysis               :  Yes
  Enable Pessimism Removal                   :  Yes
  Pessimism Removal Resolution               :  Nearest Common Node
  Enable Input Delay Default Clock           :  No
  Enable Preset / Clear Arcs                 :  No
  Disable Flight Delays                      :  No
  Ignore I/O Paths                           :  No
  Timing Early Launch at Borrowing Latches   :  No
  Borrow Time for Max Delay Exceptions       :  Yes

  Corner  Analyze    Analyze    
  Name    Max Paths  Min Paths  
  ------  ---------  ---------  
  Slow    Yes        Yes        
  Fast    Yes        Yes        



check_timing report

Table of Contents
-----------------
1. checking no_clock
2. checking constant_clock
3. checking pulse_width_clock
4. checking unconstrained_internal_endpoints
5. checking no_input_delay
6. checking no_output_delay
7. checking multiple_clock
8. checking generated_clocks
9. checking loops
10. checking partial_input_delay
11. checking partial_output_delay
12. checking latch_loops

1. checking no_clock
--------------------
 There are 0 register/latch pins with no clock.


2. checking constant_clock
--------------------------
 There are 0 register/latch pins with constant_clock.


3. checking pulse_width_clock
-----------------------------
 There are 0 register/latch pins which need pulse_width check


4. checking unconstrained_internal_endpoints
--------------------------------------------
 There are 0 pins that are not constrained for maximum delay.

 There are 0 pins that are not constrained for maximum delay due to constant clock.


5. checking no_input_delay
--------------------------
 There are 4 input ports with no input delay specified. (HIGH)

 There are 0 input ports with no input delay but user has a false path constraint.


6. checking no_output_delay
---------------------------
 There are 0 ports with no output delay specified.

 There are 0 ports with no output delay but user has a false path constraint

 There are 0 ports with no output delay but with a timing clock defined on it or propagating through it


7. checking multiple_clock
--------------------------
 There are 0 register/latch pins with multiple clocks.


8. checking generated_clocks
----------------------------
 There are 0 generated clocks that are not connected to a clock source.


9. checking loops
-----------------
 There are 0 combinational loops in the design.


10. checking partial_input_delay
--------------------------------
 There are 0 input ports with partial input delay specified.


11. checking partial_output_delay
---------------------------------
 There are 0 ports with partial output delay specified.


12. checking latch_loops
------------------------
 There are 0 combinational latch loops in the design through latch input



------------------------------------------------------------------------------------------------
| Design Timing Summary
| ---------------------
------------------------------------------------------------------------------------------------

    WNS(ns)      TNS(ns)  TNS Failing Endpoints  TNS Total Endpoints      WHS(ns)      THS(ns)  THS Failing Endpoints  THS Total Endpoints     WPWS(ns)     TPWS(ns)  TPWS Failing Endpoints  TPWS Total Endpoints  
    -------      -------  ---------------------  -------------------      -------      -------  ---------------------  -------------------     --------     --------  ----------------------  --------------------  
     12.989        0.000                      0                 1490        0.051        0.000                      0                 1490        9.020        0.000                       0                   676  


All user specified timing constraints are met.


------------------------------------------------------------------------------------------------
| Clock Summary
| -------------
------------------------------------------------------------------------------------------------

Clock       Waveform(ns)       Period(ns)      Frequency(MHz)
-----       ------------       ----------      --------------
clk_fpga_0  {0.000 10.000}     20.000          50.000          


------------------------------------------------------------------------------------------------
| Intra Clock Table
| -----------------
------------------------------------------------------------------------------------------------

Clock             WNS(ns)      TNS(ns)  TNS Failing Endpoints  TNS Total Endpoints      WHS(ns)      THS(ns)  THS Failing Endpoints  THS Total Endpoints     WPWS(ns)     TPWS(ns)  TPWS Failing Endpoints  TPWS Total Endpoints  
-----             -------      -------  ---------------------  -------------------      -------      -------  ---------------------  -------------------     --------     --------  ----------------------  --------------------  
clk_fpga_0         12.989        0.000                      0                 1490        0.051        0.000                      0                 1490        9.020        0.000                       0                   676  


------------------------------------------------------------------------------------------------
| Inter Clock Table
| -----------------
------------------------------------------------------------------------------------------------

From Clock    To Clock          WNS(ns)      TNS(ns)  TNS Failing Endpoints  TNS Total Endpoints      WHS(ns)      THS(ns)  THS Failing Endpoints  THS Total Endpoints  
----------    --------          -------      -------  ---------------------  -------------------      -------      -------  ---------------------  -------------------  


------------------------------------------------------------------------------------------------
| Other Path Groups Table
| -----------------------
------------------------------------------------------------------------------------------------

Path Group    From Clock    To Clock          WNS(ns)      TNS(ns)  TNS Failing Endpoints  TNS Total Endpoints      WHS(ns)      THS(ns)  THS Failing Endpoints  THS Total Endpoints  
----------    ----------    --------          -------      -------  ---------------------  -------------------      -------      -------  ---------------------  -------------------  


------------------------------------------------------------------------------------------------
| Timing Details
| --------------
------------------------------------------------------------------------------------------------


---------------------------------------------------------------------------------------------------
From Clock:  clk_fpga_0
  To Clock:  clk_fpga_0

Setup :            0  Failing Endpoints,  Worst Slack       12.989ns,  Total Violation        0.000ns
Hold  :            0  Failing Endpoints,  Worst Slack        0.051ns,  Total Violation        0.000ns
PW    :            0  Failing Endpoints,  Worst Slack        9.020ns,  Total Violation        0.000ns
---------------------------------------------------------------------------------------------------


Max Delay Paths
--------------------------------------------------------------------------------------
Slack (MET) :             12.989ns  (required time - arrival time)
  Source:                 system_i/processing_system7_0/inst/PS7_i/MAXIGP0ACLK
                            (rising edge-triggered cell PS7 clocked by clk_fpga_0  {rise@0.000ns fall@10.000ns period=20.000ns})
  Destination:            system_i/pushbutton_0/inst/pushbutton_v1_0_S00_AXI_inst/slv_reg0_reg[24]/R
                            (rising edge-triggered cell FDRE clocked by clk_fpga_0  {rise@0.000ns fall@10.000ns period=20.000ns})
  Path Group:             clk_fpga_0
  Path Type:              Setup (Max at Slow Process Corner)
  Requirement:            20.000ns  (clk_fpga_0 rise@20.000ns - clk_fpga_0 rise@0.000ns)
  Data Path Delay:        6.158ns  (logic 1.582ns (25.690%)  route 4.576ns (74.310%))
  Logic Levels:           2  (LUT4=1 LUT6=1)
  Clock Path Skew:        -0.027ns (DCD - SCD + CPR)
    Destination Clock Delay (DCD):    2.875ns = ( 22.875 - 20.000 ) 
    Source Clock Delay      (SCD):    3.031ns
    Clock Pessimism Removal (CPR):    0.129ns
  Clock Uncertainty:      0.302ns  ((TSJ^2 + TIJ^2)^1/2 + DJ) / 2 + PE
    Total System Jitter     (TSJ):    0.071ns
    Total Input Jitter      (TIJ):    0.600ns
    Discrete Jitter          (DJ):    0.000ns
    Phase Error              (PE):    0.000ns

    Location             Delay type                Incr(ns)  Path(ns)    Netlist Resource(s)
  -------------------------------------------------------------------    -------------------
                         (clock clk_fpga_0 rise edge)
                                                      0.000     0.000 r  
    PS7_X0Y0             PS7                          0.000     0.000 r  system_i/processing_system7_0/inst/PS7_i/FCLKCLK[0]
                         net (fo=1, routed)           1.193     1.193    system_i/processing_system7_0/inst/FCLK_CLK_unbuffered[0]
    BUFGCTRL_X0Y16       BUFG (Prop_bufg_I_O)         0.101     1.294 r  system_i/processing_system7_0/inst/buffer_fclk_clk_0.FCLK_CLK_0_BUFG/O
                         net (fo=676, routed)         1.737     3.031    system_i/processing_system7_0/inst/M_AXI_GP0_ACLK
    PS7_X0Y0             PS7                                          r  system_i/processing_system7_0/inst/PS7_i/MAXIGP0ACLK
  -------------------------------------------------------------------    -------------------
    PS7_X0Y0             PS7 (Prop_ps7_MAXIGP0ACLK_MAXIGP0WVALID)
                                                      1.334     4.365 f  system_i/processing_system7_0/inst/PS7_i/MAXIGP0WVALID
                         net (fo=35, routed)          2.393     6.758    system_i/pushbutton_0/inst/pushbutton_v1_0_S00_AXI_inst/s00_axi_wvalid
    SLICE_X27Y101        LUT4 (Prop_lut4_I3_O)        0.124     6.882 f  system_i/pushbutton_0/inst/pushbutton_v1_0_S00_AXI_inst/slv_reg0[31]_i_4/O
                         net (fo=21, routed)          0.998     7.879    system_i/pushbutton_0/inst/pushbutton_v1_0_S00_AXI_inst/slv_reg_wren__0
    SLICE_X29Y90         LUT6 (Prop_lut6_I1_O)        0.124     8.003 r  system_i/pushbutton_0/inst/pushbutton_v1_0_S00_AXI_inst/slv_reg0[31]_i_1/O
                         net (fo=28, routed)          1.186     9.189    system_i/pushbutton_0/inst/pushbutton_v1_0_S00_AXI_inst/slv_reg0[31]_i_1_n_0
    SLICE_X26Y101        FDRE                                         r  system_i/pushbutton_0/inst/pushbutton_v1_0_S00_AXI_inst/slv_reg0_reg[24]/R
  -------------------------------------------------------------------    -------------------

                         (clock clk_fpga_0 rise edge)
                                                     20.000    20.000 r  
    PS7_X0Y0             PS7                          0.000    20.000 r  system_i/processing_system7_0/inst/PS7_i/FCLKCLK[0]
                         net (fo=1, routed)           1.088    21.088    system_i/processing_system7_0/inst/FCLK_CLK_unbuffered[0]
    BUFGCTRL_X0Y16       BUFG (Prop_bufg_I_O)         0.091    21.179 r  system_i/processing_system7_0/inst/buffer_fclk_clk_0.FCLK_CLK_0_BUFG/O
                         net (fo=676, routed)         1.696    22.875    system_i/pushbutton_0/inst/pushbutton_v1_0_S00_AXI_inst/s00_axi_aclk
    SLICE_X26Y101        FDRE                                         r  system_i/pushbutton_0/inst/pushbutton_v1_0_S00_AXI_inst/slv_reg0_reg[24]/C
                         clock pessimism              0.129    23.004    
                         clock uncertainty           -0.302    22.702    
    SLICE_X26Y101        FDRE (Setup_fdre_C_R)       -0.524    22.178    system_i/pushbutton_0/inst/pushbutton_v1_0_S00_AXI_inst/slv_reg0_reg[24]
  -------------------------------------------------------------------
                         required time                         22.178    
                         arrival time                          -9.189    
  -------------------------------------------------------------------
                         slack                                 12.989    

Slack (MET) :             12.989ns  (required time - arrival time)
  Source:                 system_i/processing_system7_0/inst/PS7_i/MAXIGP0ACLK
                            (rising edge-triggered cell PS7 clocked by clk_fpga_0  {rise@0.000ns fall@10.000ns period=20.000ns})
  Destination:            system_i/pushbutton_0/inst/pushbutton_v1_0_S00_AXI_inst/slv_reg0_reg[27]/R
                            (rising edge-triggered cell FDRE clocked by clk_fpga_0  {rise@0.000ns fall@10.000ns period=20.000ns})
  Path Group:             clk_fpga_0
  Path Type:              Setup (Max at Slow Process Corner)
  Requirement:            20.000ns  (clk_fpga_0 rise@20.000ns - clk_fpga_0 rise@0.000ns)
  Data Path Delay:        6.158ns  (logic 1.582ns (25.690%)  route 4.576ns (74.310%))
  Logic Levels:           2  (LUT4=1 LUT6=1)
  Clock Path Skew:        -0.027ns (DCD - SCD + CPR)
    Destination Clock Delay (DCD):    2.875ns = ( 22.875 - 20.000 ) 
    Source Clock Delay      (SCD):    3.031ns
    Clock Pessimism Removal (CPR):    0.129ns
  Clock Uncertainty:      0.302ns  ((TSJ^2 + TIJ^2)^1/2 + DJ) / 2 + PE
    Total System Jitter     (TSJ):    0.071ns
    Total Input Jitter      (TIJ):    0.600ns
    Discrete Jitter          (DJ):    0.000ns
    Phase Error              (PE):    0.000ns

    Location             Delay type                Incr(ns)  Path(ns)    Netlist Resource(s)
  -------------------------------------------------------------------    -------------------
                         (clock clk_fpga_0 rise edge)
                                                      0.000     0.000 r  
    PS7_X0Y0             PS7                          0.000     0.000 r  system_i/processing_system7_0/inst/PS7_i/FCLKCLK[0]
                         net (fo=1, routed)           1.193     1.193    system_i/processing_system7_0/inst/FCLK_CLK_unbuffered[0]
    BUFGCTRL_X0Y16       BUFG (Prop_bufg_I_O)         0.101     1.294 r  system_i/processing_system7_0/inst/buffer_fclk_clk_0.FCLK_CLK_0_BUFG/O
                         net (fo=676, routed)         1.737     3.031    system_i/processing_system7_0/inst/M_AXI_GP0_ACLK
    PS7_X0Y0             PS7                                          r  system_i/processing_system7_0/inst/PS7_i/MAXIGP0ACLK
  -------------------------------------------------------------------    -------------------
    PS7_X0Y0             PS7 (Prop_ps7_MAXIGP0ACLK_MAXIGP0WVALID)
                                                      1.334     4.365 f  system_i/processing_system7_0/inst/PS7_i/MAXIGP0WVALID
                         net (fo=35, routed)          2.393     6.758    system_i/pushbutton_0/inst/pushbutton_v1_0_S00_AXI_inst/s00_axi_wvalid
    SLICE_X27Y101        LUT4 (Prop_lut4_I3_O)        0.124     6.882 f  system_i/pushbutton_0/inst/pushbutton_v1_0_S00_AXI_inst/slv_reg0[31]_i_4/O
                         net (fo=21, routed)          0.998     7.879    system_i/pushbutton_0/inst/pushbutton_v1_0_S00_AXI_inst/slv_reg_wren__0
    SLICE_X29Y90         LUT6 (Prop_lut6_I1_O)        0.124     8.003 r  system_i/pushbutton_0/inst/pushbutton_v1_0_S00_AXI_inst/slv_reg0[31]_i_1/O
                         net (fo=28, routed)          1.186     9.189    system_i/pushbutton_0/inst/pushbutton_v1_0_S00_AXI_inst/slv_reg0[31]_i_1_n_0
    SLICE_X26Y101        FDRE                                         r  system_i/pushbutton_0/inst/pushbutton_v1_0_S00_AXI_inst/slv_reg0_reg[27]/R
  -------------------------------------------------------------------    -------------------

                         (clock clk_fpga_0 rise edge)
                                                     20.000    20.000 r  
    PS7_X0Y0             PS7                          0.000    20.000 r  system_i/processing_system7_0/inst/PS7_i/FCLKCLK[0]
                         net (fo=1, routed)           1.088    21.088    system_i/processing_system7_0/inst/FCLK_CLK_unbuffered[0]
    BUFGCTRL_X0Y16       BUFG (Prop_bufg_I_O)         0.091    21.179 r  system_i/processing_system7_0/inst/buffer_fclk_clk_0.FCLK_CLK_0_BUFG/O
                         net (fo=676, routed)         1.696    22.875    system_i/pushbutton_0/inst/pushbutton_v1_0_S00_AXI_inst/s00_axi_aclk
    SLICE_X26Y101        FDRE                                         r  system_i/pushbutton_0/inst/pushbutton_v1_0_S00_AXI_inst/slv_reg0_reg[27]/C
                         clock pessimism              0.129    23.004    
                         clock uncertainty           -0.302    22.702    
    SLICE_X26Y101        FDRE (Setup_fdre_C_R)       -0.524    22.178    system_i/pushbutton_0/inst/pushbutton_v1_0_S00_AXI_inst/slv_reg0_reg[27]
  -------------------------------------------------------------------
                         required time                         22.178    
                         arrival time                          -9.189    
  -------------------------------------------------------------------
                         slack                                 12.989    

Slack (MET) :             12.989ns  (required time - arrival time)
  Source:                 system_i/processing_system7_0/inst/PS7_i/MAXIGP0ACLK
                            (rising edge-triggered cell PS7 clocked by clk_fpga_0  {rise@0.000ns fall@10.000ns period=20.000ns})
  Destination:            system_i/pushbutton_0/inst/pushbutton_v1_0_S00_AXI_inst/slv_reg0_reg[28]/R
                            (rising edge-triggered cell FDRE clocked by clk_fpga_0  {rise@0.000ns fall@10.000ns period=20.000ns})
  Path Group:             clk_fpga_0
  Path Type:              Setup (Max at Slow Process Corner)
  Requirement:            20.000ns  (clk_fpga_0 rise@20.000ns - clk_fpga_0 rise@0.000ns)
  Data Path Delay:        6.158ns  (logic 1.582ns (25.690%)  route 4.576ns (74.310%))
  Logic Levels:           2  (LUT4=1 LUT6=1)
  Clock Path Skew:        -0.027ns (DCD - SCD + CPR)
    Destination Clock Delay (DCD):    2.875ns = ( 22.875 - 20.000 ) 
    Source Clock Delay      (SCD):    3.031ns
    Clock Pessimism Removal (CPR):    0.129ns
  Clock Uncertainty:      0.302ns  ((TSJ^2 + TIJ^2)^1/2 + DJ) / 2 + PE
    Total System Jitter     (TSJ):    0.071ns
    Total Input Jitter      (TIJ):    0.600ns
    Discrete Jitter          (DJ):    0.000ns
    Phase Error              (PE):    0.000ns

    Location             Delay type                Incr(ns)  Path(ns)    Netlist Resource(s)
  -------------------------------------------------------------------    -------------------
                         (clock clk_fpga_0 rise edge)
                                                      0.000     0.000 r  
    PS7_X0Y0             PS7                          0.000     0.000 r  system_i/processing_system7_0/inst/PS7_i/FCLKCLK[0]
                         net (fo=1, routed)           1.193     1.193    system_i/processing_system7_0/inst/FCLK_CLK_unbuffered[0]
    BUFGCTRL_X0Y16       BUFG (Prop_bufg_I_O)         0.101     1.294 r  system_i/processing_system7_0/inst/buffer_fclk_clk_0.FCLK_CLK_0_BUFG/O
                         net (fo=676, routed)         1.737     3.031    system_i/processing_system7_0/inst/M_AXI_GP0_ACLK
    PS7_X0Y0             PS7                                          r  system_i/processing_system7_0/inst/PS7_i/MAXIGP0ACLK
  -------------------------------------------------------------------    -------------------
    PS7_X0Y0             PS7 (Prop_ps7_MAXIGP0ACLK_MAXIGP0WVALID)
                                                      1.334     4.365 f  system_i/processing_system7_0/inst/PS7_i/MAXIGP0WVALID
                         net (fo=35, routed)          2.393     6.758    system_i/pushbutton_0/inst/pushbutton_v1_0_S00_AXI_inst/s00_axi_wvalid
    SLICE_X27Y101        LUT4 (Prop_lut4_I3_O)        0.124     6.882 f  system_i/pushbutton_0/inst/pushbutton_v1_0_S00_AXI_inst/slv_reg0[31]_i_4/O
                         net (fo=21, routed)          0.998     7.879    system_i/pushbutton_0/inst/pushbutton_v1_0_S00_AXI_inst/slv_reg_wren__0
    SLICE_X29Y90         LUT6 (Prop_lut6_I1_O)        0.124     8.003 r  system_i/pushbutton_0/inst/pushbutton_v1_0_S00_AXI_inst/slv_reg0[31]_i_1/O
                         net (fo=28, routed)          1.186     9.189    system_i/pushbutton_0/inst/pushbutton_v1_0_S00_AXI_inst/slv_reg0[31]_i_1_n_0
    SLICE_X26Y101        FDRE                                         r  system_i/pushbutton_0/inst/pushbutton_v1_0_S00_AXI_inst/slv_reg0_reg[28]/R
  -------------------------------------------------------------------    -------------------

                         (clock clk_fpga_0 rise edge)
                                                     20.000    20.000 r  
    PS7_X0Y0             PS7                          0.000    20.000 r  system_i/processing_system7_0/inst/PS7_i/FCLKCLK[0]
                         net (fo=1, routed)           1.088    21.088    system_i/processing_system7_0/inst/FCLK_CLK_unbuffered[0]
    BUFGCTRL_X0Y16       BUFG (Prop_bufg_I_O)         0.091    21.179 r  system_i/processing_system7_0/inst/buffer_fclk_clk_0.FCLK_CLK_0_BUFG/O
                         net (fo=676, routed)         1.696    22.875    system_i/pushbutton_0/inst/pushbutton_v1_0_S00_AXI_inst/s00_axi_aclk
    SLICE_X26Y101        FDRE                                         r  system_i/pushbutton_0/inst/pushbutton_v1_0_S00_AXI_inst/slv_reg0_reg[28]/C
                         clock pessimism              0.129    23.004    
                         clock uncertainty           -0.302    22.702    
    SLICE_X26Y101        FDRE (Setup_fdre_C_R)       -0.524    22.178    system_i/pushbutton_0/inst/pushbutton_v1_0_S00_AXI_inst/slv_reg0_reg[28]
  -------------------------------------------------------------------
                         required time                         22.178    
                         arrival time                          -9.189    
  -------------------------------------------------------------------
                         slack                                 12.989    

Slack (MET) :             12.989ns  (required time - arrival time)
  Source:                 system_i/processing_system7_0/inst/PS7_i/MAXIGP0ACLK
                            (rising edge-triggered cell PS7 clocked by clk_fpga_0  {rise@0.000ns fall@10.000ns period=20.000ns})
  Destination:            system_i/pushbutton_0/inst/pushbutton_v1_0_S00_AXI_inst/slv_reg0_reg[30]/R
                            (rising edge-triggered cell FDRE clocked by clk_fpga_0  {rise@0.000ns fall@10.000ns period=20.000ns})
  Path Group:             clk_fpga_0
  Path Type:              Setup (Max at Slow Process Corner)
  Requirement:            20.000ns  (clk_fpga_0 rise@20.000ns - clk_fpga_0 rise@0.000ns)
  Data Path Delay:        6.158ns  (logic 1.582ns (25.690%)  route 4.576ns (74.310%))
  Logic Levels:           2  (LUT4=1 LUT6=1)
  Clock Path Skew:        -0.027ns (DCD - SCD + CPR)
    Destination Clock Delay (DCD):    2.875ns = ( 22.875 - 20.000 ) 
    Source Clock Delay      (SCD):    3.031ns
    Clock Pessimism Removal (CPR):    0.129ns
  Clock Uncertainty:      0.302ns  ((TSJ^2 + TIJ^2)^1/2 + DJ) / 2 + PE
    Total System Jitter     (TSJ):    0.071ns
    Total Input Jitter      (TIJ):    0.600ns
    Discrete Jitter          (DJ):    0.000ns
    Phase Error              (PE):    0.000ns

    Location             Delay type                Incr(ns)  Path(ns)    Netlist Resource(s)
  -------------------------------------------------------------------    -------------------
                         (clock clk_fpga_0 rise edge)
                                                      0.000     0.000 r  
    PS7_X0Y0             PS7                          0.000     0.000 r  system_i/processing_system7_0/inst/PS7_i/FCLKCLK[0]
                         net (fo=1, routed)           1.193     1.193    system_i/processing_system7_0/inst/FCLK_CLK_unbuffered[0]
    BUFGCTRL_X0Y16       BUFG (Prop_bufg_I_O)         0.101     1.294 r  system_i/processing_system7_0/inst/buffer_fclk_clk_0.FCLK_CLK_0_BUFG/O
                         net (fo=676, routed)         1.737     3.031    system_i/processing_system7_0/inst/M_AXI_GP0_ACLK
    PS7_X0Y0             PS7                                          r  system_i/processing_system7_0/inst/PS7_i/MAXIGP0ACLK
  -------------------------------------------------------------------    -------------------
    PS7_X0Y0             PS7 (Prop_ps7_MAXIGP0ACLK_MAXIGP0WVALID)
                                                      1.334     4.365 f  system_i/processing_system7_0/inst/PS7_i/MAXIGP0WVALID
                         net (fo=35, routed)          2.393     6.758    system_i/pushbutton_0/inst/pushbutton_v1_0_S00_AXI_inst/s00_axi_wvalid
    SLICE_X27Y101        LUT4 (Prop_lut4_I3_O)        0.124     6.882 f  system_i/pushbutton_0/inst/pushbutton_v1_0_S00_AXI_inst/slv_reg0[31]_i_4/O
                         net (fo=21, routed)          0.998     7.879    system_i/pushbutton_0/inst/pushbutton_v1_0_S00_AXI_inst/slv_reg_wren__0
    SLICE_X29Y90         LUT6 (Prop_lut6_I1_O)        0.124     8.003 r  system_i/pushbutton_0/inst/pushbutton_v1_0_S00_AXI_inst/slv_reg0[31]_i_1/O
                         net (fo=28, routed)          1.186     9.189    system_i/pushbutton_0/inst/pushbutton_v1_0_S00_AXI_inst/slv_reg0[31]_i_1_n_0
    SLICE_X26Y101        FDRE                                         r  system_i/pushbutton_0/inst/pushbutton_v1_0_S00_AXI_inst/slv_reg0_reg[30]/R
  -------------------------------------------------------------------    -------------------

                         (clock clk_fpga_0 rise edge)
                                                     20.000    20.000 r  
    PS7_X0Y0             PS7                          0.000    20.000 r  system_i/processing_system7_0/inst/PS7_i/FCLKCLK[0]
                         net (fo=1, routed)           1.088    21.088    system_i/processing_system7_0/inst/FCLK_CLK_unbuffered[0]
    BUFGCTRL_X0Y16       BUFG (Prop_bufg_I_O)         0.091    21.179 r  system_i/processing_system7_0/inst/buffer_fclk_clk_0.FCLK_CLK_0_BUFG/O
                         net (fo=676, routed)         1.696    22.875    system_i/pushbutton_0/inst/pushbutton_v1_0_S00_AXI_inst/s00_axi_aclk
    SLICE_X26Y101        FDRE                                         r  system_i/pushbutton_0/inst/pushbutton_v1_0_S00_AXI_inst/slv_reg0_reg[30]/C
                         clock pessimism              0.129    23.004    
                         clock uncertainty           -0.302    22.702    
    SLICE_X26Y101        FDRE (Setup_fdre_C_R)       -0.524    22.178    system_i/pushbutton_0/inst/pushbutton_v1_0_S00_AXI_inst/slv_reg0_reg[30]
  -------------------------------------------------------------------
                         required time                         22.178    
                         arrival time                          -9.189    
  -------------------------------------------------------------------
                         slack                                 12.989    

Slack (MET) :             13.084ns  (required time - arrival time)
  Source:                 system_i/processing_system7_0/inst/PS7_i/MAXIGP0ACLK
                            (rising edge-triggered cell PS7 clocked by clk_fpga_0  {rise@0.000ns fall@10.000ns period=20.000ns})
  Destination:            system_i/pushbutton_0/inst/pushbutton_v1_0_S00_AXI_inst/slv_reg0_reg[25]/R
                            (rising edge-triggered cell FDRE clocked by clk_fpga_0  {rise@0.000ns fall@10.000ns period=20.000ns})
  Path Group:             clk_fpga_0
  Path Type:              Setup (Max at Slow Process Corner)
  Requirement:            20.000ns  (clk_fpga_0 rise@20.000ns - clk_fpga_0 rise@0.000ns)
  Data Path Delay:        6.158ns  (logic 1.582ns (25.690%)  route 4.576ns (74.310%))
  Logic Levels:           2  (LUT4=1 LUT6=1)
  Clock Path Skew:        -0.027ns (DCD - SCD + CPR)
    Destination Clock Delay (DCD):    2.875ns = ( 22.875 - 20.000 ) 
    Source Clock Delay      (SCD):    3.031ns
    Clock Pessimism Removal (CPR):    0.129ns
  Clock Uncertainty:      0.302ns  ((TSJ^2 + TIJ^2)^1/2 + DJ) / 2 + PE
    Total System Jitter     (TSJ):    0.071ns
    Total Input Jitter      (TIJ):    0.600ns
    Discrete Jitter          (DJ):    0.000ns
    Phase Error              (PE):    0.000ns

    Location             Delay type                Incr(ns)  Path(ns)    Netlist Resource(s)
  -------------------------------------------------------------------    -------------------
                         (clock clk_fpga_0 rise edge)
                                                      0.000     0.000 r  
    PS7_X0Y0             PS7                          0.000     0.000 r  system_i/processing_system7_0/inst/PS7_i/FCLKCLK[0]
                         net (fo=1, routed)           1.193     1.193    system_i/processing_system7_0/inst/FCLK_CLK_unbuffered[0]
    BUFGCTRL_X0Y16       BUFG (Prop_bufg_I_O)         0.101     1.294 r  system_i/processing_system7_0/inst/buffer_fclk_clk_0.FCLK_CLK_0_BUFG/O
                         net (fo=676, routed)         1.737     3.031    system_i/processing_system7_0/inst/M_AXI_GP0_ACLK
    PS7_X0Y0             PS7                                          r  system_i/processing_system7_0/inst/PS7_i/MAXIGP0ACLK
  -------------------------------------------------------------------    -------------------
    PS7_X0Y0             PS7 (Prop_ps7_MAXIGP0ACLK_MAXIGP0WVALID)
                                                      1.334     4.365 f  system_i/processing_system7_0/inst/PS7_i/MAXIGP0WVALID
                         net (fo=35, routed)          2.393     6.758    system_i/pushbutton_0/inst/pushbutton_v1_0_S00_AXI_inst/s00_axi_wvalid
    SLICE_X27Y101        LUT4 (Prop_lut4_I3_O)        0.124     6.882 f  system_i/pushbutton_0/inst/pushbutton_v1_0_S00_AXI_inst/slv_reg0[31]_i_4/O
                         net (fo=21, routed)          0.998     7.879    system_i/pushbutton_0/inst/pushbutton_v1_0_S00_AXI_inst/slv_reg_wren__0
    SLICE_X29Y90         LUT6 (Prop_lut6_I1_O)        0.124     8.003 r  system_i/pushbutton_0/inst/pushbutton_v1_0_S00_AXI_inst/slv_reg0[31]_i_1/O
                         net (fo=28, routed)          1.186     9.189    system_i/pushbutton_0/inst/pushbutton_v1_0_S00_AXI_inst/slv_reg0[31]_i_1_n_0
    SLICE_X27Y101        FDRE                                         r  system_i/pushbutton_0/inst/pushbutton_v1_0_S00_AXI_inst/slv_reg0_reg[25]/R
  -------------------------------------------------------------------    -------------------

                         (clock clk_fpga_0 rise edge)
                                                     20.000    20.000 r  
    PS7_X0Y0             PS7                          0.000    20.000 r  system_i/processing_system7_0/inst/PS7_i/FCLKCLK[0]
                         net (fo=1, routed)           1.088    21.088    system_i/processing_system7_0/inst/FCLK_CLK_unbuffered[0]
    BUFGCTRL_X0Y16       BUFG (Prop_bufg_I_O)         0.091    21.179 r  system_i/processing_system7_0/inst/buffer_fclk_clk_0.FCLK_CLK_0_BUFG/O
                         net (fo=676, routed)         1.696    22.875    system_i/pushbutton_0/inst/pushbutton_v1_0_S00_AXI_inst/s00_axi_aclk
    SLICE_X27Y101        FDRE                                         r  system_i/pushbutton_0/inst/pushbutton_v1_0_S00_AXI_inst/slv_reg0_reg[25]/C
                         clock pessimism              0.129    23.004    
                         clock uncertainty           -0.302    22.702    
    SLICE_X27Y101        FDRE (Setup_fdre_C_R)       -0.429    22.273    system_i/pushbutton_0/inst/pushbutton_v1_0_S00_AXI_inst/slv_reg0_reg[25]
  -------------------------------------------------------------------
                         required time                         22.273    
                         arrival time                          -9.189    
  -------------------------------------------------------------------
                         slack                                 13.084    

Slack (MET) :             13.084ns  (required time - arrival time)
  Source:                 system_i/processing_system7_0/inst/PS7_i/MAXIGP0ACLK
                            (rising edge-triggered cell PS7 clocked by clk_fpga_0  {rise@0.000ns fall@10.000ns period=20.000ns})
  Destination:            system_i/pushbutton_0/inst/pushbutton_v1_0_S00_AXI_inst/slv_reg0_reg[26]/R
                            (rising edge-triggered cell FDRE clocked by clk_fpga_0  {rise@0.000ns fall@10.000ns period=20.000ns})
  Path Group:             clk_fpga_0
  Path Type:              Setup (Max at Slow Process Corner)
  Requirement:            20.000ns  (clk_fpga_0 rise@20.000ns - clk_fpga_0 rise@0.000ns)
  Data Path Delay:        6.158ns  (logic 1.582ns (25.690%)  route 4.576ns (74.310%))
  Logic Levels:           2  (LUT4=1 LUT6=1)
  Clock Path Skew:        -0.027ns (DCD - SCD + CPR)
    Destination Clock Delay (DCD):    2.875ns = ( 22.875 - 20.000 ) 
    Source Clock Delay      (SCD):    3.031ns
    Clock Pessimism Removal (CPR):    0.129ns
  Clock Uncertainty:      0.302ns  ((TSJ^2 + TIJ^2)^1/2 + DJ) / 2 + PE
    Total System Jitter     (TSJ):    0.071ns
    Total Input Jitter      (TIJ):    0.600ns
    Discrete Jitter          (DJ):    0.000ns
    Phase Error              (PE):    0.000ns

    Location             Delay type                Incr(ns)  Path(ns)    Netlist Resource(s)
  -------------------------------------------------------------------    -------------------
                         (clock clk_fpga_0 rise edge)
                                                      0.000     0.000 r  
    PS7_X0Y0             PS7                          0.000     0.000 r  system_i/processing_system7_0/inst/PS7_i/FCLKCLK[0]
                         net (fo=1, routed)           1.193     1.193    system_i/processing_system7_0/inst/FCLK_CLK_unbuffered[0]
    BUFGCTRL_X0Y16       BUFG (Prop_bufg_I_O)         0.101     1.294 r  system_i/processing_system7_0/inst/buffer_fclk_clk_0.FCLK_CLK_0_BUFG/O
                         net (fo=676, routed)         1.737     3.031    system_i/processing_system7_0/inst/M_AXI_GP0_ACLK
    PS7_X0Y0             PS7                                          r  system_i/processing_system7_0/inst/PS7_i/MAXIGP0ACLK
  -------------------------------------------------------------------    -------------------
    PS7_X0Y0             PS7 (Prop_ps7_MAXIGP0ACLK_MAXIGP0WVALID)
                                                      1.334     4.365 f  system_i/processing_system7_0/inst/PS7_i/MAXIGP0WVALID
                         net (fo=35, routed)          2.393     6.758    system_i/pushbutton_0/inst/pushbutton_v1_0_S00_AXI_inst/s00_axi_wvalid
    SLICE_X27Y101        LUT4 (Prop_lut4_I3_O)        0.124     6.882 f  system_i/pushbutton_0/inst/pushbutton_v1_0_S00_AXI_inst/slv_reg0[31]_i_4/O
                         net (fo=21, routed)          0.998     7.879    system_i/pushbutton_0/inst/pushbutton_v1_0_S00_AXI_inst/slv_reg_wren__0
    SLICE_X29Y90         LUT6 (Prop_lut6_I1_O)        0.124     8.003 r  system_i/pushbutton_0/inst/pushbutton_v1_0_S00_AXI_inst/slv_reg0[31]_i_1/O
                         net (fo=28, routed)          1.186     9.189    system_i/pushbutton_0/inst/pushbutton_v1_0_S00_AXI_inst/slv_reg0[31]_i_1_n_0
    SLICE_X27Y101        FDRE                                         r  system_i/pushbutton_0/inst/pushbutton_v1_0_S00_AXI_inst/slv_reg0_reg[26]/R
  -------------------------------------------------------------------    -------------------

                         (clock clk_fpga_0 rise edge)
                                                     20.000    20.000 r  
    PS7_X0Y0             PS7                          0.000    20.000 r  system_i/processing_system7_0/inst/PS7_i/FCLKCLK[0]
                         net (fo=1, routed)           1.088    21.088    system_i/processing_system7_0/inst/FCLK_CLK_unbuffered[0]
    BUFGCTRL_X0Y16       BUFG (Prop_bufg_I_O)         0.091    21.179 r  system_i/processing_system7_0/inst/buffer_fclk_clk_0.FCLK_CLK_0_BUFG/O
                         net (fo=676, routed)         1.696    22.875    system_i/pushbutton_0/inst/pushbutton_v1_0_S00_AXI_inst/s00_axi_aclk
    SLICE_X27Y101        FDRE                                         r  system_i/pushbutton_0/inst/pushbutton_v1_0_S00_AXI_inst/slv_reg0_reg[26]/C
                         clock pessimism              0.129    23.004    
                         clock uncertainty           -0.302    22.702    
    SLICE_X27Y101        FDRE (Setup_fdre_C_R)       -0.429    22.273    system_i/pushbutton_0/inst/pushbutton_v1_0_S00_AXI_inst/slv_reg0_reg[26]
  -------------------------------------------------------------------
                         required time                         22.273    
                         arrival time                          -9.189    
  -------------------------------------------------------------------
                         slack                                 13.084    

Slack (MET) :             13.084ns  (required time - arrival time)
  Source:                 system_i/processing_system7_0/inst/PS7_i/MAXIGP0ACLK
                            (rising edge-triggered cell PS7 clocked by clk_fpga_0  {rise@0.000ns fall@10.000ns period=20.000ns})
  Destination:            system_i/pushbutton_0/inst/pushbutton_v1_0_S00_AXI_inst/slv_reg0_reg[29]/R
                            (rising edge-triggered cell FDRE clocked by clk_fpga_0  {rise@0.000ns fall@10.000ns period=20.000ns})
  Path Group:             clk_fpga_0
  Path Type:              Setup (Max at Slow Process Corner)
  Requirement:            20.000ns  (clk_fpga_0 rise@20.000ns - clk_fpga_0 rise@0.000ns)
  Data Path Delay:        6.158ns  (logic 1.582ns (25.690%)  route 4.576ns (74.310%))
  Logic Levels:           2  (LUT4=1 LUT6=1)
  Clock Path Skew:        -0.027ns (DCD - SCD + CPR)
    Destination Clock Delay (DCD):    2.875ns = ( 22.875 - 20.000 ) 
    Source Clock Delay      (SCD):    3.031ns
    Clock Pessimism Removal (CPR):    0.129ns
  Clock Uncertainty:      0.302ns  ((TSJ^2 + TIJ^2)^1/2 + DJ) / 2 + PE
    Total System Jitter     (TSJ):    0.071ns
    Total Input Jitter      (TIJ):    0.600ns
    Discrete Jitter          (DJ):    0.000ns
    Phase Error              (PE):    0.000ns

    Location             Delay type                Incr(ns)  Path(ns)    Netlist Resource(s)
  -------------------------------------------------------------------    -------------------
                         (clock clk_fpga_0 rise edge)
                                                      0.000     0.000 r  
    PS7_X0Y0             PS7                          0.000     0.000 r  system_i/processing_system7_0/inst/PS7_i/FCLKCLK[0]
                         net (fo=1, routed)           1.193     1.193    system_i/processing_system7_0/inst/FCLK_CLK_unbuffered[0]
    BUFGCTRL_X0Y16       BUFG (Prop_bufg_I_O)         0.101     1.294 r  system_i/processing_system7_0/inst/buffer_fclk_clk_0.FCLK_CLK_0_BUFG/O
                         net (fo=676, routed)         1.737     3.031    system_i/processing_system7_0/inst/M_AXI_GP0_ACLK
    PS7_X0Y0             PS7                                          r  system_i/processing_system7_0/inst/PS7_i/MAXIGP0ACLK
  -------------------------------------------------------------------    -------------------
    PS7_X0Y0             PS7 (Prop_ps7_MAXIGP0ACLK_MAXIGP0WVALID)
                                                      1.334     4.365 f  system_i/processing_system7_0/inst/PS7_i/MAXIGP0WVALID
                         net (fo=35, routed)          2.393     6.758    system_i/pushbutton_0/inst/pushbutton_v1_0_S00_AXI_inst/s00_axi_wvalid
    SLICE_X27Y101        LUT4 (Prop_lut4_I3_O)        0.124     6.882 f  system_i/pushbutton_0/inst/pushbutton_v1_0_S00_AXI_inst/slv_reg0[31]_i_4/O
                         net (fo=21, routed)          0.998     7.879    system_i/pushbutton_0/inst/pushbutton_v1_0_S00_AXI_inst/slv_reg_wren__0
    SLICE_X29Y90         LUT6 (Prop_lut6_I1_O)        0.124     8.003 r  system_i/pushbutton_0/inst/pushbutton_v1_0_S00_AXI_inst/slv_reg0[31]_i_1/O
                         net (fo=28, routed)          1.186     9.189    system_i/pushbutton_0/inst/pushbutton_v1_0_S00_AXI_inst/slv_reg0[31]_i_1_n_0
    SLICE_X27Y101        FDRE                                         r  system_i/pushbutton_0/inst/pushbutton_v1_0_S00_AXI_inst/slv_reg0_reg[29]/R
  -------------------------------------------------------------------    -------------------

                         (clock clk_fpga_0 rise edge)
                                                     20.000    20.000 r  
    PS7_X0Y0             PS7                          0.000    20.000 r  system_i/processing_system7_0/inst/PS7_i/FCLKCLK[0]
                         net (fo=1, routed)           1.088    21.088    system_i/processing_system7_0/inst/FCLK_CLK_unbuffered[0]
    BUFGCTRL_X0Y16       BUFG (Prop_bufg_I_O)         0.091    21.179 r  system_i/processing_system7_0/inst/buffer_fclk_clk_0.FCLK_CLK_0_BUFG/O
                         net (fo=676, routed)         1.696    22.875    system_i/pushbutton_0/inst/pushbutton_v1_0_S00_AXI_inst/s00_axi_aclk
    SLICE_X27Y101        FDRE                                         r  system_i/pushbutton_0/inst/pushbutton_v1_0_S00_AXI_inst/slv_reg0_reg[29]/C
                         clock pessimism              0.129    23.004    
                         clock uncertainty           -0.302    22.702    
    SLICE_X27Y101        FDRE (Setup_fdre_C_R)       -0.429    22.273    system_i/pushbutton_0/inst/pushbutton_v1_0_S00_AXI_inst/slv_reg0_reg[29]
  -------------------------------------------------------------------
                         required time                         22.273    
                         arrival time                          -9.189    
  -------------------------------------------------------------------
                         slack                                 13.084    

Slack (MET) :             13.084ns  (required time - arrival time)
  Source:                 system_i/processing_system7_0/inst/PS7_i/MAXIGP0ACLK
                            (rising edge-triggered cell PS7 clocked by clk_fpga_0  {rise@0.000ns fall@10.000ns period=20.000ns})
  Destination:            system_i/pushbutton_0/inst/pushbutton_v1_0_S00_AXI_inst/slv_reg0_reg[31]/R
                            (rising edge-triggered cell FDRE clocked by clk_fpga_0  {rise@0.000ns fall@10.000ns period=20.000ns})
  Path Group:             clk_fpga_0
  Path Type:              Setup (Max at Slow Process Corner)
  Requirement:            20.000ns  (clk_fpga_0 rise@20.000ns - clk_fpga_0 rise@0.000ns)
  Data Path Delay:        6.158ns  (logic 1.582ns (25.690%)  route 4.576ns (74.310%))
  Logic Levels:           2  (LUT4=1 LUT6=1)
  Clock Path Skew:        -0.027ns (DCD - SCD + CPR)
    Destination Clock Delay (DCD):    2.875ns = ( 22.875 - 20.000 ) 
    Source Clock Delay      (SCD):    3.031ns
    Clock Pessimism Removal (CPR):    0.129ns
  Clock Uncertainty:      0.302ns  ((TSJ^2 + TIJ^2)^1/2 + DJ) / 2 + PE
    Total System Jitter     (TSJ):    0.071ns
    Total Input Jitter      (TIJ):    0.600ns
    Discrete Jitter          (DJ):    0.000ns
    Phase Error              (PE):    0.000ns

    Location             Delay type                Incr(ns)  Path(ns)    Netlist Resource(s)
  -------------------------------------------------------------------    -------------------
                         (clock clk_fpga_0 rise edge)
                                                      0.000     0.000 r  
    PS7_X0Y0             PS7                          0.000     0.000 r  system_i/processing_system7_0/inst/PS7_i/FCLKCLK[0]
                         net (fo=1, routed)           1.193     1.193    system_i/processing_system7_0/inst/FCLK_CLK_unbuffered[0]
    BUFGCTRL_X0Y16       BUFG (Prop_bufg_I_O)         0.101     1.294 r  system_i/processing_system7_0/inst/buffer_fclk_clk_0.FCLK_CLK_0_BUFG/O
                         net (fo=676, routed)         1.737     3.031    system_i/processing_system7_0/inst/M_AXI_GP0_ACLK
    PS7_X0Y0             PS7                                          r  system_i/processing_system7_0/inst/PS7_i/MAXIGP0ACLK
  -------------------------------------------------------------------    -------------------
    PS7_X0Y0             PS7 (Prop_ps7_MAXIGP0ACLK_MAXIGP0WVALID)
                                                      1.334     4.365 f  system_i/processing_system7_0/inst/PS7_i/MAXIGP0WVALID
                         net (fo=35, routed)          2.393     6.758    system_i/pushbutton_0/inst/pushbutton_v1_0_S00_AXI_inst/s00_axi_wvalid
    SLICE_X27Y101        LUT4 (Prop_lut4_I3_O)        0.124     6.882 f  system_i/pushbutton_0/inst/pushbutton_v1_0_S00_AXI_inst/slv_reg0[31]_i_4/O
                         net (fo=21, routed)          0.998     7.879    system_i/pushbutton_0/inst/pushbutton_v1_0_S00_AXI_inst/slv_reg_wren__0
    SLICE_X29Y90         LUT6 (Prop_lut6_I1_O)        0.124     8.003 r  system_i/pushbutton_0/inst/pushbutton_v1_0_S00_AXI_inst/slv_reg0[31]_i_1/O
                         net (fo=28, routed)          1.186     9.189    system_i/pushbutton_0/inst/pushbutton_v1_0_S00_AXI_inst/slv_reg0[31]_i_1_n_0
    SLICE_X27Y101        FDRE                                         r  system_i/pushbutton_0/inst/pushbutton_v1_0_S00_AXI_inst/slv_reg0_reg[31]/R
  -------------------------------------------------------------------    -------------------

                         (clock clk_fpga_0 rise edge)
                                                     20.000    20.000 r  
    PS7_X0Y0             PS7                          0.000    20.000 r  system_i/processing_system7_0/inst/PS7_i/FCLKCLK[0]
                         net (fo=1, routed)           1.088    21.088    system_i/processing_system7_0/inst/FCLK_CLK_unbuffered[0]
    BUFGCTRL_X0Y16       BUFG (Prop_bufg_I_O)         0.091    21.179 r  system_i/processing_system7_0/inst/buffer_fclk_clk_0.FCLK_CLK_0_BUFG/O
                         net (fo=676, routed)         1.696    22.875    system_i/pushbutton_0/inst/pushbutton_v1_0_S00_AXI_inst/s00_axi_aclk
    SLICE_X27Y101        FDRE                                         r  system_i/pushbutton_0/inst/pushbutton_v1_0_S00_AXI_inst/slv_reg0_reg[31]/C
                         clock pessimism              0.129    23.004    
                         clock uncertainty           -0.302    22.702    
    SLICE_X27Y101        FDRE (Setup_fdre_C_R)       -0.429    22.273    system_i/pushbutton_0/inst/pushbutton_v1_0_S00_AXI_inst/slv_reg0_reg[31]
  -------------------------------------------------------------------
                         required time                         22.273    
                         arrival time                          -9.189    
  -------------------------------------------------------------------
                         slack                                 13.084    

Slack (MET) :             13.094ns  (required time - arrival time)
  Source:                 system_i/processing_system7_0/inst/PS7_i/MAXIGP0ACLK
                            (rising edge-triggered cell PS7 clocked by clk_fpga_0  {rise@0.000ns fall@10.000ns period=20.000ns})
  Destination:            system_i/pushbutton_0/inst/pushbutton_v1_0_S00_AXI_inst/slv_reg0_reg[13]/R
                            (rising edge-triggered cell FDRE clocked by clk_fpga_0  {rise@0.000ns fall@10.000ns period=20.000ns})
  Path Group:             clk_fpga_0
  Path Type:              Setup (Max at Slow Process Corner)
  Requirement:            20.000ns  (clk_fpga_0 rise@20.000ns - clk_fpga_0 rise@0.000ns)
  Data Path Delay:        6.108ns  (logic 1.582ns (25.899%)  route 4.526ns (74.101%))
  Logic Levels:           2  (LUT4=1 LUT6=1)
  Clock Path Skew:        -0.067ns (DCD - SCD + CPR)
    Destination Clock Delay (DCD):    2.700ns = ( 22.700 - 20.000 ) 
    Source Clock Delay      (SCD):    3.031ns
    Clock Pessimism Removal (CPR):    0.264ns
  Clock Uncertainty:      0.302ns  ((TSJ^2 + TIJ^2)^1/2 + DJ) / 2 + PE
    Total System Jitter     (TSJ):    0.071ns
    Total Input Jitter      (TIJ):    0.600ns
    Discrete Jitter          (DJ):    0.000ns
    Phase Error              (PE):    0.000ns

    Location             Delay type                Incr(ns)  Path(ns)    Netlist Resource(s)
  -------------------------------------------------------------------    -------------------
                         (clock clk_fpga_0 rise edge)
                                                      0.000     0.000 r  
    PS7_X0Y0             PS7                          0.000     0.000 r  system_i/processing_system7_0/inst/PS7_i/FCLKCLK[0]
                         net (fo=1, routed)           1.193     1.193    system_i/processing_system7_0/inst/FCLK_CLK_unbuffered[0]
    BUFGCTRL_X0Y16       BUFG (Prop_bufg_I_O)         0.101     1.294 r  system_i/processing_system7_0/inst/buffer_fclk_clk_0.FCLK_CLK_0_BUFG/O
                         net (fo=676, routed)         1.737     3.031    system_i/processing_system7_0/inst/M_AXI_GP0_ACLK
    PS7_X0Y0             PS7                                          r  system_i/processing_system7_0/inst/PS7_i/MAXIGP0ACLK
  -------------------------------------------------------------------    -------------------
    PS7_X0Y0             PS7 (Prop_ps7_MAXIGP0ACLK_MAXIGP0WVALID)
                                                      1.334     4.365 f  system_i/processing_system7_0/inst/PS7_i/MAXIGP0WVALID
                         net (fo=35, routed)          2.393     6.758    system_i/pushbutton_0/inst/pushbutton_v1_0_S00_AXI_inst/s00_axi_wvalid
    SLICE_X27Y101        LUT4 (Prop_lut4_I3_O)        0.124     6.882 f  system_i/pushbutton_0/inst/pushbutton_v1_0_S00_AXI_inst/slv_reg0[31]_i_4/O
                         net (fo=21, routed)          0.998     7.879    system_i/pushbutton_0/inst/pushbutton_v1_0_S00_AXI_inst/slv_reg_wren__0
    SLICE_X29Y90         LUT6 (Prop_lut6_I1_O)        0.124     8.003 r  system_i/pushbutton_0/inst/pushbutton_v1_0_S00_AXI_inst/slv_reg0[31]_i_1/O
                         net (fo=28, routed)          1.136     9.139    system_i/pushbutton_0/inst/pushbutton_v1_0_S00_AXI_inst/slv_reg0[31]_i_1_n_0
    SLICE_X27Y95         FDRE                                         r  system_i/pushbutton_0/inst/pushbutton_v1_0_S00_AXI_inst/slv_reg0_reg[13]/R
  -------------------------------------------------------------------    -------------------

                         (clock clk_fpga_0 rise edge)
                                                     20.000    20.000 r  
    PS7_X0Y0             PS7                          0.000    20.000 r  system_i/processing_system7_0/inst/PS7_i/FCLKCLK[0]
                         net (fo=1, routed)           1.088    21.088    system_i/processing_system7_0/inst/FCLK_CLK_unbuffered[0]
    BUFGCTRL_X0Y16       BUFG (Prop_bufg_I_O)         0.091    21.179 r  system_i/processing_system7_0/inst/buffer_fclk_clk_0.FCLK_CLK_0_BUFG/O
                         net (fo=676, routed)         1.521    22.700    system_i/pushbutton_0/inst/pushbutton_v1_0_S00_AXI_inst/s00_axi_aclk
    SLICE_X27Y95         FDRE                                         r  system_i/pushbutton_0/inst/pushbutton_v1_0_S00_AXI_inst/slv_reg0_reg[13]/C
                         clock pessimism              0.264    22.964    
                         clock uncertainty           -0.302    22.662    
    SLICE_X27Y95         FDRE (Setup_fdre_C_R)       -0.429    22.233    system_i/pushbutton_0/inst/pushbutton_v1_0_S00_AXI_inst/slv_reg0_reg[13]
  -------------------------------------------------------------------
                         required time                         22.233    
                         arrival time                          -9.139    
  -------------------------------------------------------------------
                         slack                                 13.094    

Slack (MET) :             13.094ns  (required time - arrival time)
  Source:                 system_i/processing_system7_0/inst/PS7_i/MAXIGP0ACLK
                            (rising edge-triggered cell PS7 clocked by clk_fpga_0  {rise@0.000ns fall@10.000ns period=20.000ns})
  Destination:            system_i/pushbutton_0/inst/pushbutton_v1_0_S00_AXI_inst/slv_reg0_reg[15]/R
                            (rising edge-triggered cell FDRE clocked by clk_fpga_0  {rise@0.000ns fall@10.000ns period=20.000ns})
  Path Group:             clk_fpga_0
  Path Type:              Setup (Max at Slow Process Corner)
  Requirement:            20.000ns  (clk_fpga_0 rise@20.000ns - clk_fpga_0 rise@0.000ns)
  Data Path Delay:        6.108ns  (logic 1.582ns (25.899%)  route 4.526ns (74.101%))
  Logic Levels:           2  (LUT4=1 LUT6=1)
  Clock Path Skew:        -0.067ns (DCD - SCD + CPR)
    Destination Clock Delay (DCD):    2.700ns = ( 22.700 - 20.000 ) 
    Source Clock Delay      (SCD):    3.031ns
    Clock Pessimism Removal (CPR):    0.264ns
  Clock Uncertainty:      0.302ns  ((TSJ^2 + TIJ^2)^1/2 + DJ) / 2 + PE
    Total System Jitter     (TSJ):    0.071ns
    Total Input Jitter      (TIJ):    0.600ns
    Discrete Jitter          (DJ):    0.000ns
    Phase Error              (PE):    0.000ns

    Location             Delay type                Incr(ns)  Path(ns)    Netlist Resource(s)
  -------------------------------------------------------------------    -------------------
                         (clock clk_fpga_0 rise edge)
                                                      0.000     0.000 r  
    PS7_X0Y0             PS7                          0.000     0.000 r  system_i/processing_system7_0/inst/PS7_i/FCLKCLK[0]
                         net (fo=1, routed)           1.193     1.193    system_i/processing_system7_0/inst/FCLK_CLK_unbuffered[0]
    BUFGCTRL_X0Y16       BUFG (Prop_bufg_I_O)         0.101     1.294 r  system_i/processing_system7_0/inst/buffer_fclk_clk_0.FCLK_CLK_0_BUFG/O
                         net (fo=676, routed)         1.737     3.031    system_i/processing_system7_0/inst/M_AXI_GP0_ACLK
    PS7_X0Y0             PS7                                          r  system_i/processing_system7_0/inst/PS7_i/MAXIGP0ACLK
  -------------------------------------------------------------------    -------------------
    PS7_X0Y0             PS7 (Prop_ps7_MAXIGP0ACLK_MAXIGP0WVALID)
                                                      1.334     4.365 f  system_i/processing_system7_0/inst/PS7_i/MAXIGP0WVALID
                         net (fo=35, routed)          2.393     6.758    system_i/pushbutton_0/inst/pushbutton_v1_0_S00_AXI_inst/s00_axi_wvalid
    SLICE_X27Y101        LUT4 (Prop_lut4_I3_O)        0.124     6.882 f  system_i/pushbutton_0/inst/pushbutton_v1_0_S00_AXI_inst/slv_reg0[31]_i_4/O
                         net (fo=21, routed)          0.998     7.879    system_i/pushbutton_0/inst/pushbutton_v1_0_S00_AXI_inst/slv_reg_wren__0
    SLICE_X29Y90         LUT6 (Prop_lut6_I1_O)        0.124     8.003 r  system_i/pushbutton_0/inst/pushbutton_v1_0_S00_AXI_inst/slv_reg0[31]_i_1/O
                         net (fo=28, routed)          1.136     9.139    system_i/pushbutton_0/inst/pushbutton_v1_0_S00_AXI_inst/slv_reg0[31]_i_1_n_0
    SLICE_X27Y95         FDRE                                         r  system_i/pushbutton_0/inst/pushbutton_v1_0_S00_AXI_inst/slv_reg0_reg[15]/R
  -------------------------------------------------------------------    -------------------

                         (clock clk_fpga_0 rise edge)
                                                     20.000    20.000 r  
    PS7_X0Y0             PS7                          0.000    20.000 r  system_i/processing_system7_0/inst/PS7_i/FCLKCLK[0]
                         net (fo=1, routed)           1.088    21.088    system_i/processing_system7_0/inst/FCLK_CLK_unbuffered[0]
    BUFGCTRL_X0Y16       BUFG (Prop_bufg_I_O)         0.091    21.179 r  system_i/processing_system7_0/inst/buffer_fclk_clk_0.FCLK_CLK_0_BUFG/O
                         net (fo=676, routed)         1.521    22.700    system_i/pushbutton_0/inst/pushbutton_v1_0_S00_AXI_inst/s00_axi_aclk
    SLICE_X27Y95         FDRE                                         r  system_i/pushbutton_0/inst/pushbutton_v1_0_S00_AXI_inst/slv_reg0_reg[15]/C
                         clock pessimism              0.264    22.964    
                         clock uncertainty           -0.302    22.662    
    SLICE_X27Y95         FDRE (Setup_fdre_C_R)       -0.429    22.233    system_i/pushbutton_0/inst/pushbutton_v1_0_S00_AXI_inst/slv_reg0_reg[15]
  -------------------------------------------------------------------
                         required time                         22.233    
                         arrival time                          -9.139    
  -------------------------------------------------------------------
                         slack                                 13.094    





Min Delay Paths
--------------------------------------------------------------------------------------
Slack (MET) :             0.051ns  (arrival time - required time)
  Source:                 system_i/pushbutton_0/inst/pushbutton_v1_0_S00_AXI_inst/slv_reg3_reg[25]/C
                            (rising edge-triggered cell FDRE clocked by clk_fpga_0  {rise@0.000ns fall@10.000ns period=20.000ns})
  Destination:            system_i/pushbutton_0/inst/pushbutton_v1_0_S00_AXI_inst/axi_rdata_reg[25]/D
                            (rising edge-triggered cell FDRE clocked by clk_fpga_0  {rise@0.000ns fall@10.000ns period=20.000ns})
  Path Group:             clk_fpga_0
  Path Type:              Hold (Min at Fast Process Corner)
  Requirement:            0.000ns  (clk_fpga_0 rise@0.000ns - clk_fpga_0 rise@0.000ns)
  Data Path Delay:        0.327ns  (logic 0.209ns (63.949%)  route 0.118ns (36.051%))
  Logic Levels:           1  (LUT6=1)
  Clock Path Skew:        0.184ns (DCD - SCD - CPR)
    Destination Clock Delay (DCD):    1.211ns
    Source Clock Delay      (SCD):    0.992ns
    Clock Pessimism Removal (CPR):    0.035ns

    Location             Delay type                Incr(ns)  Path(ns)    Netlist Resource(s)
  -------------------------------------------------------------------    -------------------
                         (clock clk_fpga_0 rise edge)
                                                      0.000     0.000 r  
    PS7_X0Y0             PS7                          0.000     0.000 r  system_i/processing_system7_0/inst/PS7_i/FCLKCLK[0]
                         net (fo=1, routed)           0.310     0.310    system_i/processing_system7_0/inst/FCLK_CLK_unbuffered[0]
    BUFGCTRL_X0Y16       BUFG (Prop_bufg_I_O)         0.026     0.336 r  system_i/processing_system7_0/inst/buffer_fclk_clk_0.FCLK_CLK_0_BUFG/O
                         net (fo=676, routed)         0.656     0.992    system_i/pushbutton_0/inst/pushbutton_v1_0_S00_AXI_inst/s00_axi_aclk
    SLICE_X26Y100        FDRE                                         r  system_i/pushbutton_0/inst/pushbutton_v1_0_S00_AXI_inst/slv_reg3_reg[25]/C
  -------------------------------------------------------------------    -------------------
    SLICE_X26Y100        FDRE (Prop_fdre_C_Q)         0.164     1.156 r  system_i/pushbutton_0/inst/pushbutton_v1_0_S00_AXI_inst/slv_reg3_reg[25]/Q
                         net (fo=1, routed)           0.118     1.274    system_i/pushbutton_0/inst/pushbutton_v1_0_S00_AXI_inst/slv_reg3[25]
    SLICE_X28Y99         LUT6 (Prop_lut6_I2_O)        0.045     1.319 r  system_i/pushbutton_0/inst/pushbutton_v1_0_S00_AXI_inst/axi_rdata[25]_i_1/O
                         net (fo=1, routed)           0.000     1.319    system_i/pushbutton_0/inst/pushbutton_v1_0_S00_AXI_inst/reg_data_out[25]
    SLICE_X28Y99         FDRE                                         r  system_i/pushbutton_0/inst/pushbutton_v1_0_S00_AXI_inst/axi_rdata_reg[25]/D
  -------------------------------------------------------------------    -------------------

                         (clock clk_fpga_0 rise edge)
                                                      0.000     0.000 r  
    PS7_X0Y0             PS7                          0.000     0.000 r  system_i/processing_system7_0/inst/PS7_i/FCLKCLK[0]
                         net (fo=1, routed)           0.337     0.337    system_i/processing_system7_0/inst/FCLK_CLK_unbuffered[0]
    BUFGCTRL_X0Y16       BUFG (Prop_bufg_I_O)         0.029     0.366 r  system_i/processing_system7_0/inst/buffer_fclk_clk_0.FCLK_CLK_0_BUFG/O
                         net (fo=676, routed)         0.845     1.211    system_i/pushbutton_0/inst/pushbutton_v1_0_S00_AXI_inst/s00_axi_aclk
    SLICE_X28Y99         FDRE                                         r  system_i/pushbutton_0/inst/pushbutton_v1_0_S00_AXI_inst/axi_rdata_reg[25]/C
                         clock pessimism             -0.035     1.176    
    SLICE_X28Y99         FDRE (Hold_fdre_C_D)         0.092     1.268    system_i/pushbutton_0/inst/pushbutton_v1_0_S00_AXI_inst/axi_rdata_reg[25]
  -------------------------------------------------------------------
                         required time                         -1.268    
                         arrival time                           1.319    
  -------------------------------------------------------------------
                         slack                                  0.051    

Slack (MET) :             0.056ns  (arrival time - required time)
  Source:                 system_i/pushbutton_0/inst/pushbutton_v1_0_S00_AXI_inst/axi_rdata_reg[7]/C
                            (rising edge-triggered cell FDRE clocked by clk_fpga_0  {rise@0.000ns fall@10.000ns period=20.000ns})
  Destination:            system_i/ps7_0_axi_periph/s00_couplers/auto_pc/inst/gen_axilite.gen_b2s_conv.axilite_b2s/RD.r_channel_0/rd_data_fifo_0/memory_reg[31][7]_srl32/D
                            (rising edge-triggered cell SRLC32E clocked by clk_fpga_0  {rise@0.000ns fall@10.000ns period=20.000ns})
  Path Group:             clk_fpga_0
  Path Type:              Hold (Min at Fast Process Corner)
  Requirement:            0.000ns  (clk_fpga_0 rise@0.000ns - clk_fpga_0 rise@0.000ns)
  Data Path Delay:        0.254ns  (logic 0.141ns (55.511%)  route 0.113ns (44.489%))
  Logic Levels:           0  
  Clock Path Skew:        0.015ns (DCD - SCD - CPR)
    Destination Clock Delay (DCD):    1.209ns
    Source Clock Delay      (SCD):    0.912ns
    Clock Pessimism Removal (CPR):    0.282ns

    Location             Delay type                Incr(ns)  Path(ns)    Netlist Resource(s)
  -------------------------------------------------------------------    -------------------
                         (clock clk_fpga_0 rise edge)
                                                      0.000     0.000 r  
    PS7_X0Y0             PS7                          0.000     0.000 r  system_i/processing_system7_0/inst/PS7_i/FCLKCLK[0]
                         net (fo=1, routed)           0.310     0.310    system_i/processing_system7_0/inst/FCLK_CLK_unbuffered[0]
    BUFGCTRL_X0Y16       BUFG (Prop_bufg_I_O)         0.026     0.336 r  system_i/processing_system7_0/inst/buffer_fclk_clk_0.FCLK_CLK_0_BUFG/O
                         net (fo=676, routed)         0.576     0.912    system_i/pushbutton_0/inst/pushbutton_v1_0_S00_AXI_inst/s00_axi_aclk
    SLICE_X31Y93         FDRE                                         r  system_i/pushbutton_0/inst/pushbutton_v1_0_S00_AXI_inst/axi_rdata_reg[7]/C
  -------------------------------------------------------------------    -------------------
    SLICE_X31Y93         FDRE (Prop_fdre_C_Q)         0.141     1.053 r  system_i/pushbutton_0/inst/pushbutton_v1_0_S00_AXI_inst/axi_rdata_reg[7]/Q
                         net (fo=1, routed)           0.113     1.166    system_i/ps7_0_axi_periph/s00_couplers/auto_pc/inst/gen_axilite.gen_b2s_conv.axilite_b2s/RD.r_channel_0/rd_data_fifo_0/in[7]
    SLICE_X30Y92         SRLC32E                                      r  system_i/ps7_0_axi_periph/s00_couplers/auto_pc/inst/gen_axilite.gen_b2s_conv.axilite_b2s/RD.r_channel_0/rd_data_fifo_0/memory_reg[31][7]_srl32/D
  -------------------------------------------------------------------    -------------------

                         (clock clk_fpga_0 rise edge)
                                                      0.000     0.000 r  
    PS7_X0Y0             PS7                          0.000     0.000 r  system_i/processing_system7_0/inst/PS7_i/FCLKCLK[0]
                         net (fo=1, routed)           0.337     0.337    system_i/processing_system7_0/inst/FCLK_CLK_unbuffered[0]
    BUFGCTRL_X0Y16       BUFG (Prop_bufg_I_O)         0.029     0.366 r  system_i/processing_system7_0/inst/buffer_fclk_clk_0.FCLK_CLK_0_BUFG/O
                         net (fo=676, routed)         0.843     1.209    system_i/ps7_0_axi_periph/s00_couplers/auto_pc/inst/gen_axilite.gen_b2s_conv.axilite_b2s/RD.r_channel_0/rd_data_fifo_0/aclk
    SLICE_X30Y92         SRLC32E                                      r  system_i/ps7_0_axi_periph/s00_couplers/auto_pc/inst/gen_axilite.gen_b2s_conv.axilite_b2s/RD.r_channel_0/rd_data_fifo_0/memory_reg[31][7]_srl32/CLK
                         clock pessimism             -0.282     0.927    
    SLICE_X30Y92         SRLC32E (Hold_srlc32e_CLK_D)
                                                      0.183     1.110    system_i/ps7_0_axi_periph/s00_couplers/auto_pc/inst/gen_axilite.gen_b2s_conv.axilite_b2s/RD.r_channel_0/rd_data_fifo_0/memory_reg[31][7]_srl32
  -------------------------------------------------------------------
                         required time                         -1.110    
                         arrival time                           1.166    
  -------------------------------------------------------------------
                         slack                                  0.056    

Slack (MET) :             0.058ns  (arrival time - required time)
  Source:                 system_i/pushbutton_0/inst/pushbutton_v1_0_S00_AXI_inst/slv_reg0_reg[17]/C
                            (rising edge-triggered cell FDRE clocked by clk_fpga_0  {rise@0.000ns fall@10.000ns period=20.000ns})
  Destination:            system_i/pushbutton_0/inst/pushbutton_v1_0_S00_AXI_inst/axi_rdata_reg[17]/D
                            (rising edge-triggered cell FDRE clocked by clk_fpga_0  {rise@0.000ns fall@10.000ns period=20.000ns})
  Path Group:             clk_fpga_0
  Path Type:              Hold (Min at Fast Process Corner)
  Requirement:            0.000ns  (clk_fpga_0 rise@0.000ns - clk_fpga_0 rise@0.000ns)
  Data Path Delay:        0.330ns  (logic 0.186ns (56.425%)  route 0.144ns (43.575%))
  Logic Levels:           1  (LUT6=1)
  Clock Path Skew:        0.181ns (DCD - SCD - CPR)
    Destination Clock Delay (DCD):    1.211ns
    Source Clock Delay      (SCD):    0.995ns
    Clock Pessimism Removal (CPR):    0.035ns

    Location             Delay type                Incr(ns)  Path(ns)    Netlist Resource(s)
  -------------------------------------------------------------------    -------------------
                         (clock clk_fpga_0 rise edge)
                                                      0.000     0.000 r  
    PS7_X0Y0             PS7                          0.000     0.000 r  system_i/processing_system7_0/inst/PS7_i/FCLKCLK[0]
                         net (fo=1, routed)           0.310     0.310    system_i/processing_system7_0/inst/FCLK_CLK_unbuffered[0]
    BUFGCTRL_X0Y16       BUFG (Prop_bufg_I_O)         0.026     0.336 r  system_i/processing_system7_0/inst/buffer_fclk_clk_0.FCLK_CLK_0_BUFG/O
                         net (fo=676, routed)         0.659     0.995    system_i/pushbutton_0/inst/pushbutton_v1_0_S00_AXI_inst/s00_axi_aclk
    SLICE_X29Y100        FDRE                                         r  system_i/pushbutton_0/inst/pushbutton_v1_0_S00_AXI_inst/slv_reg0_reg[17]/C
  -------------------------------------------------------------------    -------------------
    SLICE_X29Y100        FDRE (Prop_fdre_C_Q)         0.141     1.136 r  system_i/pushbutton_0/inst/pushbutton_v1_0_S00_AXI_inst/slv_reg0_reg[17]/Q
                         net (fo=1, routed)           0.144     1.280    system_i/pushbutton_0/inst/pushbutton_v1_0_S00_AXI_inst/slv_reg0[17]
    SLICE_X29Y98         LUT6 (Prop_lut6_I1_O)        0.045     1.325 r  system_i/pushbutton_0/inst/pushbutton_v1_0_S00_AXI_inst/axi_rdata[17]_i_1/O
                         net (fo=1, routed)           0.000     1.325    system_i/pushbutton_0/inst/pushbutton_v1_0_S00_AXI_inst/reg_data_out[17]
    SLICE_X29Y98         FDRE                                         r  system_i/pushbutton_0/inst/pushbutton_v1_0_S00_AXI_inst/axi_rdata_reg[17]/D
  -------------------------------------------------------------------    -------------------

                         (clock clk_fpga_0 rise edge)
                                                      0.000     0.000 r  
    PS7_X0Y0             PS7                          0.000     0.000 r  system_i/processing_system7_0/inst/PS7_i/FCLKCLK[0]
                         net (fo=1, routed)           0.337     0.337    system_i/processing_system7_0/inst/FCLK_CLK_unbuffered[0]
    BUFGCTRL_X0Y16       BUFG (Prop_bufg_I_O)         0.029     0.366 r  system_i/processing_system7_0/inst/buffer_fclk_clk_0.FCLK_CLK_0_BUFG/O
                         net (fo=676, routed)         0.845     1.211    system_i/pushbutton_0/inst/pushbutton_v1_0_S00_AXI_inst/s00_axi_aclk
    SLICE_X29Y98         FDRE                                         r  system_i/pushbutton_0/inst/pushbutton_v1_0_S00_AXI_inst/axi_rdata_reg[17]/C
                         clock pessimism             -0.035     1.176    
    SLICE_X29Y98         FDRE (Hold_fdre_C_D)         0.091     1.267    system_i/pushbutton_0/inst/pushbutton_v1_0_S00_AXI_inst/axi_rdata_reg[17]
  -------------------------------------------------------------------
                         required time                         -1.267    
                         arrival time                           1.325    
  -------------------------------------------------------------------
                         slack                                  0.058    

Slack (MET) :             0.084ns  (arrival time - required time)
  Source:                 system_i/pushbutton_0/inst/pushbutton_v1_0_S00_AXI_inst/slv_reg1_reg[30]/C
                            (rising edge-triggered cell FDRE clocked by clk_fpga_0  {rise@0.000ns fall@10.000ns period=20.000ns})
  Destination:            system_i/pushbutton_0/inst/pushbutton_v1_0_S00_AXI_inst/axi_rdata_reg[30]/D
                            (rising edge-triggered cell FDRE clocked by clk_fpga_0  {rise@0.000ns fall@10.000ns period=20.000ns})
  Path Group:             clk_fpga_0
  Path Type:              Hold (Min at Fast Process Corner)
  Requirement:            0.000ns  (clk_fpga_0 rise@0.000ns - clk_fpga_0 rise@0.000ns)
  Data Path Delay:        0.385ns  (logic 0.226ns (58.677%)  route 0.159ns (41.323%))
  Logic Levels:           1  (LUT6=1)
  Clock Path Skew:        0.180ns (DCD - SCD - CPR)
    Destination Clock Delay (DCD):    1.210ns
    Source Clock Delay      (SCD):    0.995ns
    Clock Pessimism Removal (CPR):    0.035ns

    Location             Delay type                Incr(ns)  Path(ns)    Netlist Resource(s)
  -------------------------------------------------------------------    -------------------
                         (clock clk_fpga_0 rise edge)
                                                      0.000     0.000 r  
    PS7_X0Y0             PS7                          0.000     0.000 r  system_i/processing_system7_0/inst/PS7_i/FCLKCLK[0]
                         net (fo=1, routed)           0.310     0.310    system_i/processing_system7_0/inst/FCLK_CLK_unbuffered[0]
    BUFGCTRL_X0Y16       BUFG (Prop_bufg_I_O)         0.026     0.336 r  system_i/processing_system7_0/inst/buffer_fclk_clk_0.FCLK_CLK_0_BUFG/O
                         net (fo=676, routed)         0.659     0.995    system_i/pushbutton_0/inst/pushbutton_v1_0_S00_AXI_inst/s00_axi_aclk
    SLICE_X28Y100        FDRE                                         r  system_i/pushbutton_0/inst/pushbutton_v1_0_S00_AXI_inst/slv_reg1_reg[30]/C
  -------------------------------------------------------------------    -------------------
    SLICE_X28Y100        FDRE (Prop_fdre_C_Q)         0.128     1.123 r  system_i/pushbutton_0/inst/pushbutton_v1_0_S00_AXI_inst/slv_reg1_reg[30]/Q
                         net (fo=1, routed)           0.159     1.282    system_i/pushbutton_0/inst/pushbutton_v1_0_S00_AXI_inst/slv_reg1[30]
    SLICE_X26Y99         LUT6 (Prop_lut6_I0_O)        0.098     1.380 r  system_i/pushbutton_0/inst/pushbutton_v1_0_S00_AXI_inst/axi_rdata[30]_i_1/O
                         net (fo=1, routed)           0.000     1.380    system_i/pushbutton_0/inst/pushbutton_v1_0_S00_AXI_inst/reg_data_out[30]
    SLICE_X26Y99         FDRE                                         r  system_i/pushbutton_0/inst/pushbutton_v1_0_S00_AXI_inst/axi_rdata_reg[30]/D
  -------------------------------------------------------------------    -------------------

                         (clock clk_fpga_0 rise edge)
                                                      0.000     0.000 r  
    PS7_X0Y0             PS7                          0.000     0.000 r  system_i/processing_system7_0/inst/PS7_i/FCLKCLK[0]
                         net (fo=1, routed)           0.337     0.337    system_i/processing_system7_0/inst/FCLK_CLK_unbuffered[0]
    BUFGCTRL_X0Y16       BUFG (Prop_bufg_I_O)         0.029     0.366 r  system_i/processing_system7_0/inst/buffer_fclk_clk_0.FCLK_CLK_0_BUFG/O
                         net (fo=676, routed)         0.844     1.210    system_i/pushbutton_0/inst/pushbutton_v1_0_S00_AXI_inst/s00_axi_aclk
    SLICE_X26Y99         FDRE                                         r  system_i/pushbutton_0/inst/pushbutton_v1_0_S00_AXI_inst/axi_rdata_reg[30]/C
                         clock pessimism             -0.035     1.175    
    SLICE_X26Y99         FDRE (Hold_fdre_C_D)         0.121     1.296    system_i/pushbutton_0/inst/pushbutton_v1_0_S00_AXI_inst/axi_rdata_reg[30]
  -------------------------------------------------------------------
                         required time                         -1.296    
                         arrival time                           1.380    
  -------------------------------------------------------------------
                         slack                                  0.084    

Slack (MET) :             0.098ns  (arrival time - required time)
  Source:                 system_i/ps7_0_axi_periph/s00_couplers/auto_pc/inst/gen_axilite.gen_b2s_conv.axilite_b2s/WR.aw_channel_0/s_awid_r_reg[7]/C
                            (rising edge-triggered cell FDRE clocked by clk_fpga_0  {rise@0.000ns fall@10.000ns period=20.000ns})
  Destination:            system_i/ps7_0_axi_periph/s00_couplers/auto_pc/inst/gen_axilite.gen_b2s_conv.axilite_b2s/WR.b_channel_0/bid_fifo_0/memory_reg[3][15]_srl4/D
                            (rising edge-triggered cell SRL16E clocked by clk_fpga_0  {rise@0.000ns fall@10.000ns period=20.000ns})
  Path Group:             clk_fpga_0
  Path Type:              Hold (Min at Fast Process Corner)
  Requirement:            0.000ns  (clk_fpga_0 rise@0.000ns - clk_fpga_0 rise@0.000ns)
  Data Path Delay:        0.241ns  (logic 0.128ns (53.025%)  route 0.113ns (46.975%))
  Logic Levels:           0  
  Clock Path Skew:        0.013ns (DCD - SCD - CPR)
    Destination Clock Delay (DCD):    1.203ns
    Source Clock Delay      (SCD):    0.905ns
    Clock Pessimism Removal (CPR):    0.285ns

    Location             Delay type                Incr(ns)  Path(ns)    Netlist Resource(s)
  -------------------------------------------------------------------    -------------------
                         (clock clk_fpga_0 rise edge)
                                                      0.000     0.000 r  
    PS7_X0Y0             PS7                          0.000     0.000 r  system_i/processing_system7_0/inst/PS7_i/FCLKCLK[0]
                         net (fo=1, routed)           0.310     0.310    system_i/processing_system7_0/inst/FCLK_CLK_unbuffered[0]
    BUFGCTRL_X0Y16       BUFG (Prop_bufg_I_O)         0.026     0.336 r  system_i/processing_system7_0/inst/buffer_fclk_clk_0.FCLK_CLK_0_BUFG/O
                         net (fo=676, routed)         0.569     0.905    system_i/ps7_0_axi_periph/s00_couplers/auto_pc/inst/gen_axilite.gen_b2s_conv.axilite_b2s/WR.aw_channel_0/aclk
    SLICE_X27Y84         FDRE                                         r  system_i/ps7_0_axi_periph/s00_couplers/auto_pc/inst/gen_axilite.gen_b2s_conv.axilite_b2s/WR.aw_channel_0/s_awid_r_reg[7]/C
  -------------------------------------------------------------------    -------------------
    SLICE_X27Y84         FDRE (Prop_fdre_C_Q)         0.128     1.033 r  system_i/ps7_0_axi_periph/s00_couplers/auto_pc/inst/gen_axilite.gen_b2s_conv.axilite_b2s/WR.aw_channel_0/s_awid_r_reg[7]/Q
                         net (fo=1, routed)           0.113     1.146    system_i/ps7_0_axi_periph/s00_couplers/auto_pc/inst/gen_axilite.gen_b2s_conv.axilite_b2s/WR.b_channel_0/bid_fifo_0/in[11]
    SLICE_X26Y84         SRL16E                                       r  system_i/ps7_0_axi_periph/s00_couplers/auto_pc/inst/gen_axilite.gen_b2s_conv.axilite_b2s/WR.b_channel_0/bid_fifo_0/memory_reg[3][15]_srl4/D
  -------------------------------------------------------------------    -------------------

                         (clock clk_fpga_0 rise edge)
                                                      0.000     0.000 r  
    PS7_X0Y0             PS7                          0.000     0.000 r  system_i/processing_system7_0/inst/PS7_i/FCLKCLK[0]
                         net (fo=1, routed)           0.337     0.337    system_i/processing_system7_0/inst/FCLK_CLK_unbuffered[0]
    BUFGCTRL_X0Y16       BUFG (Prop_bufg_I_O)         0.029     0.366 r  system_i/processing_system7_0/inst/buffer_fclk_clk_0.FCLK_CLK_0_BUFG/O
                         net (fo=676, routed)         0.837     1.203    system_i/ps7_0_axi_periph/s00_couplers/auto_pc/inst/gen_axilite.gen_b2s_conv.axilite_b2s/WR.b_channel_0/bid_fifo_0/aclk
    SLICE_X26Y84         SRL16E                                       r  system_i/ps7_0_axi_periph/s00_couplers/auto_pc/inst/gen_axilite.gen_b2s_conv.axilite_b2s/WR.b_channel_0/bid_fifo_0/memory_reg[3][15]_srl4/CLK
                         clock pessimism             -0.285     0.918    
    SLICE_X26Y84         SRL16E (Hold_srl16e_CLK_D)
                                                      0.130     1.048    system_i/ps7_0_axi_periph/s00_couplers/auto_pc/inst/gen_axilite.gen_b2s_conv.axilite_b2s/WR.b_channel_0/bid_fifo_0/memory_reg[3][15]_srl4
  -------------------------------------------------------------------
                         required time                         -1.048    
                         arrival time                           1.146    
  -------------------------------------------------------------------
                         slack                                  0.098    

Slack (MET) :             0.102ns  (arrival time - required time)
  Source:                 system_i/pushbutton_0/inst/pushbutton_v1_0_S00_AXI_inst/axi_rdata_reg[8]/C
                            (rising edge-triggered cell FDRE clocked by clk_fpga_0  {rise@0.000ns fall@10.000ns period=20.000ns})
  Destination:            system_i/ps7_0_axi_periph/s00_couplers/auto_pc/inst/gen_axilite.gen_b2s_conv.axilite_b2s/RD.r_channel_0/rd_data_fifo_0/memory_reg[31][8]_srl32/D
                            (rising edge-triggered cell SRLC32E clocked by clk_fpga_0  {rise@0.000ns fall@10.000ns period=20.000ns})
  Path Group:             clk_fpga_0
  Path Type:              Hold (Min at Fast Process Corner)
  Requirement:            0.000ns  (clk_fpga_0 rise@0.000ns - clk_fpga_0 rise@0.000ns)
  Data Path Delay:        0.317ns  (logic 0.141ns (44.451%)  route 0.176ns (55.549%))
  Logic Levels:           0  
  Clock Path Skew:        0.032ns (DCD - SCD - CPR)
    Destination Clock Delay (DCD):    1.208ns
    Source Clock Delay      (SCD):    0.912ns
    Clock Pessimism Removal (CPR):    0.264ns

    Location             Delay type                Incr(ns)  Path(ns)    Netlist Resource(s)
  -------------------------------------------------------------------    -------------------
                         (clock clk_fpga_0 rise edge)
                                                      0.000     0.000 r  
    PS7_X0Y0             PS7                          0.000     0.000 r  system_i/processing_system7_0/inst/PS7_i/FCLKCLK[0]
                         net (fo=1, routed)           0.310     0.310    system_i/processing_system7_0/inst/FCLK_CLK_unbuffered[0]
    BUFGCTRL_X0Y16       BUFG (Prop_bufg_I_O)         0.026     0.336 r  system_i/processing_system7_0/inst/buffer_fclk_clk_0.FCLK_CLK_0_BUFG/O
                         net (fo=676, routed)         0.576     0.912    system_i/pushbutton_0/inst/pushbutton_v1_0_S00_AXI_inst/s00_axi_aclk
    SLICE_X28Y93         FDRE                                         r  system_i/pushbutton_0/inst/pushbutton_v1_0_S00_AXI_inst/axi_rdata_reg[8]/C
  -------------------------------------------------------------------    -------------------
    SLICE_X28Y93         FDRE (Prop_fdre_C_Q)         0.141     1.053 r  system_i/pushbutton_0/inst/pushbutton_v1_0_S00_AXI_inst/axi_rdata_reg[8]/Q
                         net (fo=1, routed)           0.176     1.229    system_i/ps7_0_axi_periph/s00_couplers/auto_pc/inst/gen_axilite.gen_b2s_conv.axilite_b2s/RD.r_channel_0/rd_data_fifo_0/in[8]
    SLICE_X26Y92         SRLC32E                                      r  system_i/ps7_0_axi_periph/s00_couplers/auto_pc/inst/gen_axilite.gen_b2s_conv.axilite_b2s/RD.r_channel_0/rd_data_fifo_0/memory_reg[31][8]_srl32/D
  -------------------------------------------------------------------    -------------------

                         (clock clk_fpga_0 rise edge)
                                                      0.000     0.000 r  
    PS7_X0Y0             PS7                          0.000     0.000 r  system_i/processing_system7_0/inst/PS7_i/FCLKCLK[0]
                         net (fo=1, routed)           0.337     0.337    system_i/processing_system7_0/inst/FCLK_CLK_unbuffered[0]
    BUFGCTRL_X0Y16       BUFG (Prop_bufg_I_O)         0.029     0.366 r  system_i/processing_system7_0/inst/buffer_fclk_clk_0.FCLK_CLK_0_BUFG/O
                         net (fo=676, routed)         0.842     1.208    system_i/ps7_0_axi_periph/s00_couplers/auto_pc/inst/gen_axilite.gen_b2s_conv.axilite_b2s/RD.r_channel_0/rd_data_fifo_0/aclk
    SLICE_X26Y92         SRLC32E                                      r  system_i/ps7_0_axi_periph/s00_couplers/auto_pc/inst/gen_axilite.gen_b2s_conv.axilite_b2s/RD.r_channel_0/rd_data_fifo_0/memory_reg[31][8]_srl32/CLK
                         clock pessimism             -0.264     0.944    
    SLICE_X26Y92         SRLC32E (Hold_srlc32e_CLK_D)
                                                      0.183     1.127    system_i/ps7_0_axi_periph/s00_couplers/auto_pc/inst/gen_axilite.gen_b2s_conv.axilite_b2s/RD.r_channel_0/rd_data_fifo_0/memory_reg[31][8]_srl32
  -------------------------------------------------------------------
                         required time                         -1.127    
                         arrival time                           1.229    
  -------------------------------------------------------------------
                         slack                                  0.102    

Slack (MET) :             0.103ns  (arrival time - required time)
  Source:                 system_i/pushbutton_0/inst/pushbutton_v1_0_S00_AXI_inst/axi_rdata_reg[9]/C
                            (rising edge-triggered cell FDRE clocked by clk_fpga_0  {rise@0.000ns fall@10.000ns period=20.000ns})
  Destination:            system_i/ps7_0_axi_periph/s00_couplers/auto_pc/inst/gen_axilite.gen_b2s_conv.axilite_b2s/RD.r_channel_0/rd_data_fifo_0/memory_reg[31][9]_srl32/D
                            (rising edge-triggered cell SRLC32E clocked by clk_fpga_0  {rise@0.000ns fall@10.000ns period=20.000ns})
  Path Group:             clk_fpga_0
  Path Type:              Hold (Min at Fast Process Corner)
  Requirement:            0.000ns  (clk_fpga_0 rise@0.000ns - clk_fpga_0 rise@0.000ns)
  Data Path Delay:        0.318ns  (logic 0.141ns (44.341%)  route 0.177ns (55.659%))
  Logic Levels:           0  
  Clock Path Skew:        0.032ns (DCD - SCD - CPR)
    Destination Clock Delay (DCD):    1.208ns
    Source Clock Delay      (SCD):    0.912ns
    Clock Pessimism Removal (CPR):    0.264ns

    Location             Delay type                Incr(ns)  Path(ns)    Netlist Resource(s)
  -------------------------------------------------------------------    -------------------
                         (clock clk_fpga_0 rise edge)
                                                      0.000     0.000 r  
    PS7_X0Y0             PS7                          0.000     0.000 r  system_i/processing_system7_0/inst/PS7_i/FCLKCLK[0]
                         net (fo=1, routed)           0.310     0.310    system_i/processing_system7_0/inst/FCLK_CLK_unbuffered[0]
    BUFGCTRL_X0Y16       BUFG (Prop_bufg_I_O)         0.026     0.336 r  system_i/processing_system7_0/inst/buffer_fclk_clk_0.FCLK_CLK_0_BUFG/O
                         net (fo=676, routed)         0.576     0.912    system_i/pushbutton_0/inst/pushbutton_v1_0_S00_AXI_inst/s00_axi_aclk
    SLICE_X28Y93         FDRE                                         r  system_i/pushbutton_0/inst/pushbutton_v1_0_S00_AXI_inst/axi_rdata_reg[9]/C
  -------------------------------------------------------------------    -------------------
    SLICE_X28Y93         FDRE (Prop_fdre_C_Q)         0.141     1.053 r  system_i/pushbutton_0/inst/pushbutton_v1_0_S00_AXI_inst/axi_rdata_reg[9]/Q
                         net (fo=1, routed)           0.177     1.230    system_i/ps7_0_axi_periph/s00_couplers/auto_pc/inst/gen_axilite.gen_b2s_conv.axilite_b2s/RD.r_channel_0/rd_data_fifo_0/in[9]
    SLICE_X26Y90         SRLC32E                                      r  system_i/ps7_0_axi_periph/s00_couplers/auto_pc/inst/gen_axilite.gen_b2s_conv.axilite_b2s/RD.r_channel_0/rd_data_fifo_0/memory_reg[31][9]_srl32/D
  -------------------------------------------------------------------    -------------------

                         (clock clk_fpga_0 rise edge)
                                                      0.000     0.000 r  
    PS7_X0Y0             PS7                          0.000     0.000 r  system_i/processing_system7_0/inst/PS7_i/FCLKCLK[0]
                         net (fo=1, routed)           0.337     0.337    system_i/processing_system7_0/inst/FCLK_CLK_unbuffered[0]
    BUFGCTRL_X0Y16       BUFG (Prop_bufg_I_O)         0.029     0.366 r  system_i/processing_system7_0/inst/buffer_fclk_clk_0.FCLK_CLK_0_BUFG/O
                         net (fo=676, routed)         0.842     1.208    system_i/ps7_0_axi_periph/s00_couplers/auto_pc/inst/gen_axilite.gen_b2s_conv.axilite_b2s/RD.r_channel_0/rd_data_fifo_0/aclk
    SLICE_X26Y90         SRLC32E                                      r  system_i/ps7_0_axi_periph/s00_couplers/auto_pc/inst/gen_axilite.gen_b2s_conv.axilite_b2s/RD.r_channel_0/rd_data_fifo_0/memory_reg[31][9]_srl32/CLK
                         clock pessimism             -0.264     0.944    
    SLICE_X26Y90         SRLC32E (Hold_srlc32e_CLK_D)
                                                      0.183     1.127    system_i/ps7_0_axi_periph/s00_couplers/auto_pc/inst/gen_axilite.gen_b2s_conv.axilite_b2s/RD.r_channel_0/rd_data_fifo_0/memory_reg[31][9]_srl32
  -------------------------------------------------------------------
                         required time                         -1.127    
                         arrival time                           1.230    
  -------------------------------------------------------------------
                         slack                                  0.103    

Slack (MET) :             0.106ns  (arrival time - required time)
  Source:                 system_i/pushbutton_0/inst/pushbutton_v1_0_S00_AXI_inst/slv_reg0_reg[28]/C
                            (rising edge-triggered cell FDRE clocked by clk_fpga_0  {rise@0.000ns fall@10.000ns period=20.000ns})
  Destination:            system_i/pushbutton_0/inst/pushbutton_v1_0_S00_AXI_inst/axi_rdata_reg[28]/D
                            (rising edge-triggered cell FDRE clocked by clk_fpga_0  {rise@0.000ns fall@10.000ns period=20.000ns})
  Path Group:             clk_fpga_0
  Path Type:              Hold (Min at Fast Process Corner)
  Requirement:            0.000ns  (clk_fpga_0 rise@0.000ns - clk_fpga_0 rise@0.000ns)
  Data Path Delay:        0.410ns  (logic 0.209ns (51.021%)  route 0.201ns (48.979%))
  Logic Levels:           1  (LUT6=1)
  Clock Path Skew:        0.183ns (DCD - SCD - CPR)
    Destination Clock Delay (DCD):    1.210ns
    Source Clock Delay      (SCD):    0.992ns
    Clock Pessimism Removal (CPR):    0.035ns

    Location             Delay type                Incr(ns)  Path(ns)    Netlist Resource(s)
  -------------------------------------------------------------------    -------------------
                         (clock clk_fpga_0 rise edge)
                                                      0.000     0.000 r  
    PS7_X0Y0             PS7                          0.000     0.000 r  system_i/processing_system7_0/inst/PS7_i/FCLKCLK[0]
                         net (fo=1, routed)           0.310     0.310    system_i/processing_system7_0/inst/FCLK_CLK_unbuffered[0]
    BUFGCTRL_X0Y16       BUFG (Prop_bufg_I_O)         0.026     0.336 r  system_i/processing_system7_0/inst/buffer_fclk_clk_0.FCLK_CLK_0_BUFG/O
                         net (fo=676, routed)         0.656     0.992    system_i/pushbutton_0/inst/pushbutton_v1_0_S00_AXI_inst/s00_axi_aclk
    SLICE_X26Y101        FDRE                                         r  system_i/pushbutton_0/inst/pushbutton_v1_0_S00_AXI_inst/slv_reg0_reg[28]/C
  -------------------------------------------------------------------    -------------------
    SLICE_X26Y101        FDRE (Prop_fdre_C_Q)         0.164     1.156 r  system_i/pushbutton_0/inst/pushbutton_v1_0_S00_AXI_inst/slv_reg0_reg[28]/Q
                         net (fo=1, routed)           0.201     1.357    system_i/pushbutton_0/inst/pushbutton_v1_0_S00_AXI_inst/slv_reg0[28]
    SLICE_X26Y99         LUT6 (Prop_lut6_I1_O)        0.045     1.402 r  system_i/pushbutton_0/inst/pushbutton_v1_0_S00_AXI_inst/axi_rdata[28]_i_1/O
                         net (fo=1, routed)           0.000     1.402    system_i/pushbutton_0/inst/pushbutton_v1_0_S00_AXI_inst/reg_data_out[28]
    SLICE_X26Y99         FDRE                                         r  system_i/pushbutton_0/inst/pushbutton_v1_0_S00_AXI_inst/axi_rdata_reg[28]/D
  -------------------------------------------------------------------    -------------------

                         (clock clk_fpga_0 rise edge)
                                                      0.000     0.000 r  
    PS7_X0Y0             PS7                          0.000     0.000 r  system_i/processing_system7_0/inst/PS7_i/FCLKCLK[0]
                         net (fo=1, routed)           0.337     0.337    system_i/processing_system7_0/inst/FCLK_CLK_unbuffered[0]
    BUFGCTRL_X0Y16       BUFG (Prop_bufg_I_O)         0.029     0.366 r  system_i/processing_system7_0/inst/buffer_fclk_clk_0.FCLK_CLK_0_BUFG/O
                         net (fo=676, routed)         0.844     1.210    system_i/pushbutton_0/inst/pushbutton_v1_0_S00_AXI_inst/s00_axi_aclk
    SLICE_X26Y99         FDRE                                         r  system_i/pushbutton_0/inst/pushbutton_v1_0_S00_AXI_inst/axi_rdata_reg[28]/C
                         clock pessimism             -0.035     1.175    
    SLICE_X26Y99         FDRE (Hold_fdre_C_D)         0.121     1.296    system_i/pushbutton_0/inst/pushbutton_v1_0_S00_AXI_inst/axi_rdata_reg[28]
  -------------------------------------------------------------------
                         required time                         -1.296    
                         arrival time                           1.402    
  -------------------------------------------------------------------
                         slack                                  0.106    

Slack (MET) :             0.111ns  (arrival time - required time)
  Source:                 system_i/pushbutton_0/inst/pushbutton_v1_0_S00_AXI_inst/axi_rdata_reg[18]/C
                            (rising edge-triggered cell FDRE clocked by clk_fpga_0  {rise@0.000ns fall@10.000ns period=20.000ns})
  Destination:            system_i/ps7_0_axi_periph/s00_couplers/auto_pc/inst/gen_axilite.gen_b2s_conv.axilite_b2s/RD.r_channel_0/rd_data_fifo_0/memory_reg[31][18]_srl32/D
                            (rising edge-triggered cell SRLC32E clocked by clk_fpga_0  {rise@0.000ns fall@10.000ns period=20.000ns})
  Path Group:             clk_fpga_0
  Path Type:              Hold (Min at Fast Process Corner)
  Requirement:            0.000ns  (clk_fpga_0 rise@0.000ns - clk_fpga_0 rise@0.000ns)
  Data Path Delay:        0.242ns  (logic 0.141ns (58.263%)  route 0.101ns (41.737%))
  Logic Levels:           0  
  Clock Path Skew:        0.016ns (DCD - SCD - CPR)
    Destination Clock Delay (DCD):    1.210ns
    Source Clock Delay      (SCD):    0.912ns
    Clock Pessimism Removal (CPR):    0.282ns

    Location             Delay type                Incr(ns)  Path(ns)    Netlist Resource(s)
  -------------------------------------------------------------------    -------------------
                         (clock clk_fpga_0 rise edge)
                                                      0.000     0.000 r  
    PS7_X0Y0             PS7                          0.000     0.000 r  system_i/processing_system7_0/inst/PS7_i/FCLKCLK[0]
                         net (fo=1, routed)           0.310     0.310    system_i/processing_system7_0/inst/FCLK_CLK_unbuffered[0]
    BUFGCTRL_X0Y16       BUFG (Prop_bufg_I_O)         0.026     0.336 r  system_i/processing_system7_0/inst/buffer_fclk_clk_0.FCLK_CLK_0_BUFG/O
                         net (fo=676, routed)         0.576     0.912    system_i/pushbutton_0/inst/pushbutton_v1_0_S00_AXI_inst/s00_axi_aclk
    SLICE_X29Y95         FDRE                                         r  system_i/pushbutton_0/inst/pushbutton_v1_0_S00_AXI_inst/axi_rdata_reg[18]/C
  -------------------------------------------------------------------    -------------------
    SLICE_X29Y95         FDRE (Prop_fdre_C_Q)         0.141     1.053 r  system_i/pushbutton_0/inst/pushbutton_v1_0_S00_AXI_inst/axi_rdata_reg[18]/Q
                         net (fo=1, routed)           0.101     1.154    system_i/ps7_0_axi_periph/s00_couplers/auto_pc/inst/gen_axilite.gen_b2s_conv.axilite_b2s/RD.r_channel_0/rd_data_fifo_0/in[18]
    SLICE_X30Y95         SRLC32E                                      r  system_i/ps7_0_axi_periph/s00_couplers/auto_pc/inst/gen_axilite.gen_b2s_conv.axilite_b2s/RD.r_channel_0/rd_data_fifo_0/memory_reg[31][18]_srl32/D
  -------------------------------------------------------------------    -------------------

                         (clock clk_fpga_0 rise edge)
                                                      0.000     0.000 r  
    PS7_X0Y0             PS7                          0.000     0.000 r  system_i/processing_system7_0/inst/PS7_i/FCLKCLK[0]
                         net (fo=1, routed)           0.337     0.337    system_i/processing_system7_0/inst/FCLK_CLK_unbuffered[0]
    BUFGCTRL_X0Y16       BUFG (Prop_bufg_I_O)         0.029     0.366 r  system_i/processing_system7_0/inst/buffer_fclk_clk_0.FCLK_CLK_0_BUFG/O
                         net (fo=676, routed)         0.844     1.210    system_i/ps7_0_axi_periph/s00_couplers/auto_pc/inst/gen_axilite.gen_b2s_conv.axilite_b2s/RD.r_channel_0/rd_data_fifo_0/aclk
    SLICE_X30Y95         SRLC32E                                      r  system_i/ps7_0_axi_periph/s00_couplers/auto_pc/inst/gen_axilite.gen_b2s_conv.axilite_b2s/RD.r_channel_0/rd_data_fifo_0/memory_reg[31][18]_srl32/CLK
                         clock pessimism             -0.282     0.928    
    SLICE_X30Y95         SRLC32E (Hold_srlc32e_CLK_D)
                                                      0.115     1.043    system_i/ps7_0_axi_periph/s00_couplers/auto_pc/inst/gen_axilite.gen_b2s_conv.axilite_b2s/RD.r_channel_0/rd_data_fifo_0/memory_reg[31][18]_srl32
  -------------------------------------------------------------------
                         required time                         -1.043    
                         arrival time                           1.154    
  -------------------------------------------------------------------
                         slack                                  0.111    

Slack (MET) :             0.118ns  (arrival time - required time)
  Source:                 system_i/ps7_0_axi_periph/s00_couplers/auto_pc/inst/gen_axilite.gen_b2s_conv.axilite_b2s/WR.aw_channel_0/s_awid_r_reg[9]/C
                            (rising edge-triggered cell FDRE clocked by clk_fpga_0  {rise@0.000ns fall@10.000ns period=20.000ns})
  Destination:            system_i/ps7_0_axi_periph/s00_couplers/auto_pc/inst/gen_axilite.gen_b2s_conv.axilite_b2s/WR.b_channel_0/bid_fifo_0/memory_reg[3][17]_srl4/D
                            (rising edge-triggered cell SRL16E clocked by clk_fpga_0  {rise@0.000ns fall@10.000ns period=20.000ns})
  Path Group:             clk_fpga_0
  Path Type:              Hold (Min at Fast Process Corner)
  Requirement:            0.000ns  (clk_fpga_0 rise@0.000ns - clk_fpga_0 rise@0.000ns)
  Data Path Delay:        0.187ns  (logic 0.128ns (68.470%)  route 0.059ns (31.530%))
  Logic Levels:           0  
  Clock Path Skew:        0.013ns (DCD - SCD - CPR)
    Destination Clock Delay (DCD):    1.204ns
    Source Clock Delay      (SCD):    0.908ns
    Clock Pessimism Removal (CPR):    0.283ns

    Location             Delay type                Incr(ns)  Path(ns)    Netlist Resource(s)
  -------------------------------------------------------------------    -------------------
                         (clock clk_fpga_0 rise edge)
                                                      0.000     0.000 r  
    PS7_X0Y0             PS7                          0.000     0.000 r  system_i/processing_system7_0/inst/PS7_i/FCLKCLK[0]
                         net (fo=1, routed)           0.310     0.310    system_i/processing_system7_0/inst/FCLK_CLK_unbuffered[0]
    BUFGCTRL_X0Y16       BUFG (Prop_bufg_I_O)         0.026     0.336 r  system_i/processing_system7_0/inst/buffer_fclk_clk_0.FCLK_CLK_0_BUFG/O
                         net (fo=676, routed)         0.572     0.908    system_i/ps7_0_axi_periph/s00_couplers/auto_pc/inst/gen_axilite.gen_b2s_conv.axilite_b2s/WR.aw_channel_0/aclk
    SLICE_X31Y84         FDRE                                         r  system_i/ps7_0_axi_periph/s00_couplers/auto_pc/inst/gen_axilite.gen_b2s_conv.axilite_b2s/WR.aw_channel_0/s_awid_r_reg[9]/C
  -------------------------------------------------------------------    -------------------
    SLICE_X31Y84         FDRE (Prop_fdre_C_Q)         0.128     1.036 r  system_i/ps7_0_axi_periph/s00_couplers/auto_pc/inst/gen_axilite.gen_b2s_conv.axilite_b2s/WR.aw_channel_0/s_awid_r_reg[9]/Q
                         net (fo=1, routed)           0.059     1.095    system_i/ps7_0_axi_periph/s00_couplers/auto_pc/inst/gen_axilite.gen_b2s_conv.axilite_b2s/WR.b_channel_0/bid_fifo_0/in[13]
    SLICE_X30Y84         SRL16E                                       r  system_i/ps7_0_axi_periph/s00_couplers/auto_pc/inst/gen_axilite.gen_b2s_conv.axilite_b2s/WR.b_channel_0/bid_fifo_0/memory_reg[3][17]_srl4/D
  -------------------------------------------------------------------    -------------------

                         (clock clk_fpga_0 rise edge)
                                                      0.000     0.000 r  
    PS7_X0Y0             PS7                          0.000     0.000 r  system_i/processing_system7_0/inst/PS7_i/FCLKCLK[0]
                         net (fo=1, routed)           0.337     0.337    system_i/processing_system7_0/inst/FCLK_CLK_unbuffered[0]
    BUFGCTRL_X0Y16       BUFG (Prop_bufg_I_O)         0.029     0.366 r  system_i/processing_system7_0/inst/buffer_fclk_clk_0.FCLK_CLK_0_BUFG/O
                         net (fo=676, routed)         0.838     1.204    system_i/ps7_0_axi_periph/s00_couplers/auto_pc/inst/gen_axilite.gen_b2s_conv.axilite_b2s/WR.b_channel_0/bid_fifo_0/aclk
    SLICE_X30Y84         SRL16E                                       r  system_i/ps7_0_axi_periph/s00_couplers/auto_pc/inst/gen_axilite.gen_b2s_conv.axilite_b2s/WR.b_channel_0/bid_fifo_0/memory_reg[3][17]_srl4/CLK
                         clock pessimism             -0.283     0.921    
    SLICE_X30Y84         SRL16E (Hold_srl16e_CLK_D)
                                                      0.056     0.977    system_i/ps7_0_axi_periph/s00_couplers/auto_pc/inst/gen_axilite.gen_b2s_conv.axilite_b2s/WR.b_channel_0/bid_fifo_0/memory_reg[3][17]_srl4
  -------------------------------------------------------------------
                         required time                         -0.977    
                         arrival time                           1.095    
  -------------------------------------------------------------------
                         slack                                  0.118    





Pulse Width Checks
--------------------------------------------------------------------------------------
Clock Name:         clk_fpga_0
Waveform(ns):       { 0.000 10.000 }
Period(ns):         20.000
Sources:            { system_i/processing_system7_0/inst/PS7_i/FCLKCLK[0] }

Check Type        Corner  Lib Pin      Reference Pin  Required(ns)  Actual(ns)  Slack(ns)  Location        Pin
Min Period        n/a     BUFG/I       n/a            2.155         20.000      17.845     BUFGCTRL_X0Y16  system_i/processing_system7_0/inst/buffer_fclk_clk_0.FCLK_CLK_0_BUFG/I
Min Period        n/a     FDRE/C       n/a            1.000         20.000      19.000     SLICE_X35Y88    system_i/ps7_0_axi_periph/s00_couplers/auto_pc/inst/gen_axilite.gen_b2s_conv.axilite_b2s/RD.ar_channel_0/cmd_translator_0/wrap_cmd_0/wrap_cnt_r_reg[3]/C
Min Period        n/a     FDRE/C       n/a            1.000         20.000      19.000     SLICE_X34Y88    system_i/ps7_0_axi_periph/s00_couplers/auto_pc/inst/gen_axilite.gen_b2s_conv.axilite_b2s/RD.ar_channel_0/cmd_translator_0/wrap_cmd_0/wrap_second_len_r_reg[0]/C
Min Period        n/a     FDRE/C       n/a            1.000         20.000      19.000     SLICE_X34Y88    system_i/ps7_0_axi_periph/s00_couplers/auto_pc/inst/gen_axilite.gen_b2s_conv.axilite_b2s/RD.ar_channel_0/cmd_translator_0/wrap_cmd_0/wrap_second_len_r_reg[1]/C
Min Period        n/a     FDRE/C       n/a            1.000         20.000      19.000     SLICE_X35Y88    system_i/ps7_0_axi_periph/s00_couplers/auto_pc/inst/gen_axilite.gen_b2s_conv.axilite_b2s/RD.ar_channel_0/cmd_translator_0/wrap_cmd_0/wrap_second_len_r_reg[2]/C
Min Period        n/a     FDRE/C       n/a            1.000         20.000      19.000     SLICE_X31Y88    system_i/ps7_0_axi_periph/s00_couplers/auto_pc/inst/gen_axilite.gen_b2s_conv.axilite_b2s/RD.ar_channel_0/cmd_translator_0/wrap_cmd_0/wrap_second_len_r_reg[3]/C
Min Period        n/a     FDRE/C       n/a            1.000         20.000      19.000     SLICE_X28Y82    system_i/ps7_0_axi_periph/s00_couplers/auto_pc/inst/gen_axilite.gen_b2s_conv.axilite_b2s/RD.ar_channel_0/s_arid_r_reg[0]/C
Min Period        n/a     FDRE/C       n/a            1.000         20.000      19.000     SLICE_X26Y80    system_i/ps7_0_axi_periph/s00_couplers/auto_pc/inst/gen_axilite.gen_b2s_conv.axilite_b2s/RD.ar_channel_0/s_arid_r_reg[10]/C
Min Period        n/a     FDRE/C       n/a            1.000         20.000      19.000     SLICE_X29Y79    system_i/ps7_0_axi_periph/s00_couplers/auto_pc/inst/gen_axilite.gen_b2s_conv.axilite_b2s/RD.ar_channel_0/s_arid_r_reg[11]/C
Min Period        n/a     FDRE/C       n/a            1.000         20.000      19.000     SLICE_X26Y80    system_i/ps7_0_axi_periph/s00_couplers/auto_pc/inst/gen_axilite.gen_b2s_conv.axilite_b2s/RD.ar_channel_0/s_arid_r_reg[1]/C
Low Pulse Width   Slow    SRLC32E/CLK  n/a            0.980         10.000      9.020      SLICE_X30Y88    system_i/ps7_0_axi_periph/s00_couplers/auto_pc/inst/gen_axilite.gen_b2s_conv.axilite_b2s/RD.r_channel_0/transaction_fifo_0/memory_reg[31][0]_srl32/CLK
Low Pulse Width   Fast    SRLC32E/CLK  n/a            0.980         10.000      9.020      SLICE_X30Y88    system_i/ps7_0_axi_periph/s00_couplers/auto_pc/inst/gen_axilite.gen_b2s_conv.axilite_b2s/RD.r_channel_0/transaction_fifo_0/memory_reg[31][0]_srl32/CLK
Low Pulse Width   Slow    SRLC32E/CLK  n/a            0.980         10.000      9.020      SLICE_X26Y85    system_i/ps7_0_axi_periph/s00_couplers/auto_pc/inst/gen_axilite.gen_b2s_conv.axilite_b2s/RD.r_channel_0/transaction_fifo_0/memory_reg[31][10]_srl32/CLK
Low Pulse Width   Slow    SRLC32E/CLK  n/a            0.980         10.000      9.020      SLICE_X26Y85    system_i/ps7_0_axi_periph/s00_couplers/auto_pc/inst/gen_axilite.gen_b2s_conv.axilite_b2s/RD.r_channel_0/transaction_fifo_0/memory_reg[31][11]_srl32/CLK
Low Pulse Width   Slow    SRLC32E/CLK  n/a            0.980         10.000      9.020      SLICE_X26Y85    system_i/ps7_0_axi_periph/s00_couplers/auto_pc/inst/gen_axilite.gen_b2s_conv.axilite_b2s/RD.r_channel_0/transaction_fifo_0/memory_reg[31][12]_srl32/CLK
Low Pulse Width   Slow    SRLC32E/CLK  n/a            0.980         10.000      9.020      SLICE_X30Y85    system_i/ps7_0_axi_periph/s00_couplers/auto_pc/inst/gen_axilite.gen_b2s_conv.axilite_b2s/RD.r_channel_0/transaction_fifo_0/memory_reg[31][1]_srl32/CLK
Low Pulse Width   Fast    SRLC32E/CLK  n/a            0.980         10.000      9.020      SLICE_X30Y85    system_i/ps7_0_axi_periph/s00_couplers/auto_pc/inst/gen_axilite.gen_b2s_conv.axilite_b2s/RD.r_channel_0/transaction_fifo_0/memory_reg[31][1]_srl32/CLK
Low Pulse Width   Slow    SRLC32E/CLK  n/a            0.980         10.000      9.020      SLICE_X26Y85    system_i/ps7_0_axi_periph/s00_couplers/auto_pc/inst/gen_axilite.gen_b2s_conv.axilite_b2s/RD.r_channel_0/transaction_fifo_0/memory_reg[31][2]_srl32/CLK
Low Pulse Width   Slow    SRLC32E/CLK  n/a            0.980         10.000      9.020      SLICE_X26Y86    system_i/ps7_0_axi_periph/s00_couplers/auto_pc/inst/gen_axilite.gen_b2s_conv.axilite_b2s/RD.r_channel_0/transaction_fifo_0/memory_reg[31][3]_srl32/CLK
Low Pulse Width   Slow    SRLC32E/CLK  n/a            0.980         10.000      9.020      SLICE_X30Y85    system_i/ps7_0_axi_periph/s00_couplers/auto_pc/inst/gen_axilite.gen_b2s_conv.axilite_b2s/RD.r_channel_0/transaction_fifo_0/memory_reg[31][4]_srl32/CLK
High Pulse Width  Fast    SRL16E/CLK   n/a            0.980         10.000      9.020      SLICE_X30Y99    system_i/ps7_0_axi_periph/s00_couplers/auto_pc/inst/gen_axilite.gen_b2s_conv.axilite_b2s/WR.b_channel_0/bresp_fifo_0/memory_reg[3][0]_srl4/CLK
High Pulse Width  Fast    SRL16E/CLK   n/a            0.980         10.000      9.020      SLICE_X30Y99    system_i/ps7_0_axi_periph/s00_couplers/auto_pc/inst/gen_axilite.gen_b2s_conv.axilite_b2s/WR.b_channel_0/bresp_fifo_0/memory_reg[3][1]_srl4/CLK
High Pulse Width  Fast    SRL16E/CLK   n/a            0.980         10.000      9.020      SLICE_X34Y99    system_i/ps7_0_axi_periph/s00_couplers/auto_pc/inst/gen_axilite.gen_b2s_conv.axilite_b2s/WR.b_channel_0/bid_fifo_0/memory_reg[3][0]_srl4/CLK
High Pulse Width  Fast    SRL16E/CLK   n/a            0.980         10.000      9.020      SLICE_X26Y84    system_i/ps7_0_axi_periph/s00_couplers/auto_pc/inst/gen_axilite.gen_b2s_conv.axilite_b2s/WR.b_channel_0/bid_fifo_0/memory_reg[3][10]_srl4/CLK
High Pulse Width  Fast    SRL16E/CLK   n/a            0.980         10.000      9.020      SLICE_X26Y84    system_i/ps7_0_axi_periph/s00_couplers/auto_pc/inst/gen_axilite.gen_b2s_conv.axilite_b2s/WR.b_channel_0/bid_fifo_0/memory_reg[3][11]_srl4/CLK
High Pulse Width  Fast    SRL16E/CLK   n/a            0.980         10.000      9.020      SLICE_X26Y84    system_i/ps7_0_axi_periph/s00_couplers/auto_pc/inst/gen_axilite.gen_b2s_conv.axilite_b2s/WR.b_channel_0/bid_fifo_0/memory_reg[3][12]_srl4/CLK
High Pulse Width  Fast    SRL16E/CLK   n/a            0.980         10.000      9.020      SLICE_X26Y84    system_i/ps7_0_axi_periph/s00_couplers/auto_pc/inst/gen_axilite.gen_b2s_conv.axilite_b2s/WR.b_channel_0/bid_fifo_0/memory_reg[3][13]_srl4/CLK
High Pulse Width  Fast    SRL16E/CLK   n/a            0.980         10.000      9.020      SLICE_X26Y84    system_i/ps7_0_axi_periph/s00_couplers/auto_pc/inst/gen_axilite.gen_b2s_conv.axilite_b2s/WR.b_channel_0/bid_fifo_0/memory_reg[3][14]_srl4/CLK
High Pulse Width  Fast    SRL16E/CLK   n/a            0.980         10.000      9.020      SLICE_X26Y84    system_i/ps7_0_axi_periph/s00_couplers/auto_pc/inst/gen_axilite.gen_b2s_conv.axilite_b2s/WR.b_channel_0/bid_fifo_0/memory_reg[3][15]_srl4/CLK
High Pulse Width  Fast    SRL16E/CLK   n/a            0.980         10.000      9.020      SLICE_X34Y99    system_i/ps7_0_axi_periph/s00_couplers/auto_pc/inst/gen_axilite.gen_b2s_conv.axilite_b2s/WR.b_channel_0/bid_fifo_0/memory_reg[3][1]_srl4/CLK



