Copyright 1986-2019 Xilinx, Inc. All Rights Reserved.
-----------------------------------------------------------------------------------------------------------------------------------------------------------------------------------------------------------------
| Tool Version : Vivado v.2019.1 (win64) Build 2552052 Fri May 24 14:49:42 MDT 2019
| Date         : Mon May 11 22:03:47 2026
| Host         : Woodong_PC_25 running 64-bit major release  (build 9200)
| Command      : report_timing_summary -max_paths 10 -file system_wrapper_timing_summary_routed.rpt -pb system_wrapper_timing_summary_routed.pb -rpx system_wrapper_timing_summary_routed.rpx -warn_on_violation
| Design       : system_wrapper
| Device       : 7z020-clg484
| Speed File   : -1  PRODUCTION 1.11 2014-09-11
-----------------------------------------------------------------------------------------------------------------------------------------------------------------------------------------------------------------

Timing Summary Report

------------------------------------------------------------------------------------------------
| Timer Settings
| --------------
------------------------------------------------------------------------------------------------

  Enable Multi Corner Analysis               :  Yes
  Enable Pessimism Removal                   :  Yes
  Pessimism Removal Resolution               :  Nearest Common Node
  Enable Input Delay Default Clock           :  No
  Enable Preset / Clear Arcs                 :  No
  Disable Flight Delays                      :  No
  Ignore I/O Paths                           :  No
  Timing Early Launch at Borrowing Latches   :  No
  Borrow Time for Max Delay Exceptions       :  Yes

  Corner  Analyze    Analyze    
  Name    Max Paths  Min Paths  
  ------  ---------  ---------  
  Slow    Yes        Yes        
  Fast    Yes        Yes        



check_timing report

Table of Contents
-----------------
1. checking no_clock
2. checking constant_clock
3. checking pulse_width_clock
4. checking unconstrained_internal_endpoints
5. checking no_input_delay
6. checking no_output_delay
7. checking multiple_clock
8. checking generated_clocks
9. checking loops
10. checking partial_input_delay
11. checking partial_output_delay
12. checking latch_loops

1. checking no_clock
--------------------
 There are 114 register/latch pins with no clock driven by root clock pin: system_i/tftlcd_0/inst/tftlcd_v1_0_S00_AXI_inst/TFTLCDctrl_U0/g2m_u0/opclk_reg/Q (HIGH)


2. checking constant_clock
--------------------------
 There are 0 register/latch pins with constant_clock.


3. checking pulse_width_clock
-----------------------------
 There are 0 register/latch pins which need pulse_width check


4. checking unconstrained_internal_endpoints
--------------------------------------------
 There are 1070 pins that are not constrained for maximum delay. (HIGH)

 There are 0 pins that are not constrained for maximum delay due to constant clock.


5. checking no_input_delay
--------------------------
 There are 0 input ports with no input delay specified.

 There are 0 input ports with no input delay but user has a false path constraint.


6. checking no_output_delay
---------------------------
 There are 19 ports with no output delay specified. (HIGH)

 There are 0 ports with no output delay but user has a false path constraint

 There are 0 ports with no output delay but with a timing clock defined on it or propagating through it


7. checking multiple_clock
--------------------------
 There are 0 register/latch pins with multiple clocks.


8. checking generated_clocks
----------------------------
 There are 0 generated clocks that are not connected to a clock source.


9. checking loops
-----------------
 There are 0 combinational loops in the design.


10. checking partial_input_delay
--------------------------------
 There are 0 input ports with partial input delay specified.


11. checking partial_output_delay
---------------------------------
 There are 0 ports with partial output delay specified.


12. checking latch_loops
------------------------
 There are 0 combinational latch loops in the design through latch input



------------------------------------------------------------------------------------------------
| Design Timing Summary
| ---------------------
------------------------------------------------------------------------------------------------

    WNS(ns)      TNS(ns)  TNS Failing Endpoints  TNS Total Endpoints      WHS(ns)      THS(ns)  THS Failing Endpoints  THS Total Endpoints     WPWS(ns)     TPWS(ns)  TPWS Failing Endpoints  TPWS Total Endpoints  
    -------      -------  ---------------------  -------------------      -------      -------  ---------------------  -------------------     --------     --------  ----------------------  --------------------  
      8.629        0.000                      0                 2974        0.029        0.000                      0                 2974        9.020        0.000                       0                   855  


All user specified timing constraints are met.


------------------------------------------------------------------------------------------------
| Clock Summary
| -------------
------------------------------------------------------------------------------------------------

Clock       Waveform(ns)       Period(ns)      Frequency(MHz)
-----       ------------       ----------      --------------
clk         {0.000 20.000}     40.000          25.000          
clk_fpga_0  {0.000 10.000}     20.000          50.000          


------------------------------------------------------------------------------------------------
| Intra Clock Table
| -----------------
------------------------------------------------------------------------------------------------

Clock             WNS(ns)      TNS(ns)  TNS Failing Endpoints  TNS Total Endpoints      WHS(ns)      THS(ns)  THS Failing Endpoints  THS Total Endpoints     WPWS(ns)     TPWS(ns)  TPWS Failing Endpoints  TPWS Total Endpoints  
-----             -------      -------  ---------------------  -------------------      -------      -------  ---------------------  -------------------     --------     --------  ----------------------  --------------------  
clk                35.809        0.000                      0                    1        1.340        0.000                      0                    1       19.500        0.000                       0                     1  
clk_fpga_0          8.629        0.000                      0                 2972        0.029        0.000                      0                 2972        9.020        0.000                       0                   854  


------------------------------------------------------------------------------------------------
| Inter Clock Table
| -----------------
------------------------------------------------------------------------------------------------

From Clock    To Clock          WNS(ns)      TNS(ns)  TNS Failing Endpoints  TNS Total Endpoints      WHS(ns)      THS(ns)  THS Failing Endpoints  THS Total Endpoints  
----------    --------          -------      -------  ---------------------  -------------------      -------      -------  ---------------------  -------------------  


------------------------------------------------------------------------------------------------
| Other Path Groups Table
| -----------------------
------------------------------------------------------------------------------------------------

Path Group         From Clock         To Clock               WNS(ns)      TNS(ns)  TNS Failing Endpoints  TNS Total Endpoints      WHS(ns)      THS(ns)  THS Failing Endpoints  THS Total Endpoints  
----------         ----------         --------               -------      -------  ---------------------  -------------------      -------      -------  ---------------------  -------------------  
**async_default**  clk_fpga_0         clk                     14.541        0.000                      0                    1        1.435        0.000                      0                    1  


------------------------------------------------------------------------------------------------
| Timing Details
| --------------
------------------------------------------------------------------------------------------------


---------------------------------------------------------------------------------------------------
From Clock:  clk
  To Clock:  clk

Setup :            0  Failing Endpoints,  Worst Slack       35.809ns,  Total Violation        0.000ns
Hold  :            0  Failing Endpoints,  Worst Slack        1.340ns,  Total Violation        0.000ns
PW    :            0  Failing Endpoints,  Worst Slack       19.500ns,  Total Violation        0.000ns
---------------------------------------------------------------------------------------------------


Max Delay Paths
--------------------------------------------------------------------------------------
Slack (MET) :             35.809ns  (required time - arrival time)
  Source:                 system_i/tftlcd_0/inst/tftlcd_v1_0_S00_AXI_inst/TFTLCDctrl_U0/g2m_u0/opclk_reg/C
                            (falling edge-triggered cell FDCE clocked by clk  {rise@0.000ns fall@20.000ns period=40.000ns})
  Destination:            system_i/tftlcd_0/inst/tftlcd_v1_0_S00_AXI_inst/TFTLCDctrl_U0/g2m_u0/opclk_reg/D
                            (falling edge-triggered cell FDCE clocked by clk  {rise@0.000ns fall@20.000ns period=40.000ns})
  Path Group:             clk
  Path Type:              Setup (Max at Slow Process Corner)
  Requirement:            40.000ns  (clk fall@60.000ns - clk fall@20.000ns)
  Data Path Delay:        4.237ns  (logic 0.749ns (17.677%)  route 3.488ns (82.323%))
  Logic Levels:           2  (BUFG=1 LUT1=1)
  Clock Path Skew:        0.000ns (DCD - SCD + CPR)
    Destination Clock Delay (DCD):    3.481ns = ( 63.481 - 60.000 ) 
    Source Clock Delay      (SCD):    3.903ns = ( 23.903 - 20.000 ) 
    Clock Pessimism Removal (CPR):    0.422ns
  Clock Uncertainty:      0.035ns  ((TSJ^2 + TIJ^2)^1/2 + DJ) / 2 + PE
    Total System Jitter     (TSJ):    0.071ns
    Total Input Jitter      (TIJ):    0.000ns
    Discrete Jitter          (DJ):    0.000ns
    Phase Error              (PE):    0.000ns

    Location             Delay type                Incr(ns)  Path(ns)    Netlist Resource(s)
  -------------------------------------------------------------------    -------------------
                         (clock clk fall edge)       20.000    20.000 f  
    M19                                               0.000    20.000 f  clk_0 (IN)
                         net (fo=0)                   0.000    20.000    clk_0
    M19                  IBUF (Prop_ibuf_I_O)         1.436    21.436 f  clk_0_IBUF_inst/O
                         net (fo=1, routed)           2.467    23.903    system_i/tftlcd_0/inst/tftlcd_v1_0_S00_AXI_inst/TFTLCDctrl_U0/g2m_u0/clk
    SLICE_X50Y72         FDCE                                         r  system_i/tftlcd_0/inst/tftlcd_v1_0_S00_AXI_inst/TFTLCDctrl_U0/g2m_u0/opclk_reg/C  (IS_INVERTED)
  -------------------------------------------------------------------    -------------------
    SLICE_X50Y72         FDCE (Prop_fdce_C_Q)         0.524    24.427 f  system_i/tftlcd_0/inst/tftlcd_v1_0_S00_AXI_inst/TFTLCDctrl_U0/g2m_u0/opclk_reg/Q
                         net (fo=1, routed)           1.414    25.842    system_i/tftlcd_0/inst/tftlcd_v1_0_S00_AXI_inst/TFTLCDctrl_U0/g2m_u0/CLK
    BUFGCTRL_X0Y0        BUFG (Prop_bufg_I_O)         0.101    25.943 f  system_i/tftlcd_0/inst/tftlcd_v1_0_S00_AXI_inst/TFTLCDctrl_U0/g2m_u0/CLK_BUFG_inst/O
                         net (fo=116, routed)         2.074    28.016    system_i/tftlcd_0/inst/tftlcd_v1_0_S00_AXI_inst/TFTLCDctrl_U0/g2m_u0/CLK_BUFG
    SLICE_X50Y72         LUT1 (Prop_lut1_I0_O)        0.124    28.140 r  system_i/tftlcd_0/inst/tftlcd_v1_0_S00_AXI_inst/TFTLCDctrl_U0/g2m_u0/opclk_i_1/O
                         net (fo=1, routed)           0.000    28.140    system_i/tftlcd_0/inst/tftlcd_v1_0_S00_AXI_inst/TFTLCDctrl_U0/g2m_u0/p_0_in
    SLICE_X50Y72         FDCE                                         r  system_i/tftlcd_0/inst/tftlcd_v1_0_S00_AXI_inst/TFTLCDctrl_U0/g2m_u0/opclk_reg/D
  -------------------------------------------------------------------    -------------------

                         (clock clk fall edge)       60.000    60.000 f  
    M19                                               0.000    60.000 f  clk_0 (IN)
                         net (fo=0)                   0.000    60.000    clk_0
    M19                  IBUF (Prop_ibuf_I_O)         1.366    61.366 f  clk_0_IBUF_inst/O
                         net (fo=1, routed)           2.115    63.481    system_i/tftlcd_0/inst/tftlcd_v1_0_S00_AXI_inst/TFTLCDctrl_U0/g2m_u0/clk
    SLICE_X50Y72         FDCE                                         r  system_i/tftlcd_0/inst/tftlcd_v1_0_S00_AXI_inst/TFTLCDctrl_U0/g2m_u0/opclk_reg/C  (IS_INVERTED)
                         clock pessimism              0.422    63.903    
                         clock uncertainty           -0.035    63.868    
    SLICE_X50Y72         FDCE (Setup_fdce_C_D)        0.082    63.950    system_i/tftlcd_0/inst/tftlcd_v1_0_S00_AXI_inst/TFTLCDctrl_U0/g2m_u0/opclk_reg
  -------------------------------------------------------------------
                         required time                         63.950    
                         arrival time                         -28.140    
  -------------------------------------------------------------------
                         slack                                 35.809    





Min Delay Paths
--------------------------------------------------------------------------------------
Slack (MET) :             1.340ns  (arrival time - required time)
  Source:                 system_i/tftlcd_0/inst/tftlcd_v1_0_S00_AXI_inst/TFTLCDctrl_U0/g2m_u0/opclk_reg/C
                            (falling edge-triggered cell FDCE clocked by clk  {rise@0.000ns fall@20.000ns period=40.000ns})
  Destination:            system_i/tftlcd_0/inst/tftlcd_v1_0_S00_AXI_inst/TFTLCDctrl_U0/g2m_u0/opclk_reg/D
                            (falling edge-triggered cell FDCE clocked by clk  {rise@0.000ns fall@20.000ns period=40.000ns})
  Path Group:             clk
  Path Type:              Hold (Min at Fast Process Corner)
  Requirement:            0.000ns  (clk fall@20.000ns - clk fall@20.000ns)
  Data Path Delay:        1.464ns  (logic 0.238ns (16.258%)  route 1.226ns (83.742%))
  Logic Levels:           2  (BUFG=1 LUT1=1)
  Clock Path Skew:        0.000ns (DCD - SCD - CPR)
    Destination Clock Delay (DCD):    1.614ns = ( 21.614 - 20.000 ) 
    Source Clock Delay      (SCD):    1.264ns = ( 21.264 - 20.000 ) 
    Clock Pessimism Removal (CPR):    0.350ns

    Location             Delay type                Incr(ns)  Path(ns)    Netlist Resource(s)
  -------------------------------------------------------------------    -------------------
                         (clock clk fall edge)       20.000    20.000 f  
    M19                                               0.000    20.000 f  clk_0 (IN)
                         net (fo=0)                   0.000    20.000    clk_0
    M19                  IBUF (Prop_ibuf_I_O)         0.205    20.205 f  clk_0_IBUF_inst/O
                         net (fo=1, routed)           1.059    21.264    system_i/tftlcd_0/inst/tftlcd_v1_0_S00_AXI_inst/TFTLCDctrl_U0/g2m_u0/clk
    SLICE_X50Y72         FDCE                                         r  system_i/tftlcd_0/inst/tftlcd_v1_0_S00_AXI_inst/TFTLCDctrl_U0/g2m_u0/opclk_reg/C  (IS_INVERTED)
  -------------------------------------------------------------------    -------------------
    SLICE_X50Y72         FDCE (Prop_fdce_C_Q)         0.167    21.431 f  system_i/tftlcd_0/inst/tftlcd_v1_0_S00_AXI_inst/TFTLCDctrl_U0/g2m_u0/opclk_reg/Q
                         net (fo=1, routed)           0.539    21.970    system_i/tftlcd_0/inst/tftlcd_v1_0_S00_AXI_inst/TFTLCDctrl_U0/g2m_u0/CLK
    BUFGCTRL_X0Y0        BUFG (Prop_bufg_I_O)         0.026    21.996 f  system_i/tftlcd_0/inst/tftlcd_v1_0_S00_AXI_inst/TFTLCDctrl_U0/g2m_u0/CLK_BUFG_inst/O
                         net (fo=116, routed)         0.686    22.682    system_i/tftlcd_0/inst/tftlcd_v1_0_S00_AXI_inst/TFTLCDctrl_U0/g2m_u0/CLK_BUFG
    SLICE_X50Y72         LUT1 (Prop_lut1_I0_O)        0.045    22.727 r  system_i/tftlcd_0/inst/tftlcd_v1_0_S00_AXI_inst/TFTLCDctrl_U0/g2m_u0/opclk_i_1/O
                         net (fo=1, routed)           0.000    22.727    system_i/tftlcd_0/inst/tftlcd_v1_0_S00_AXI_inst/TFTLCDctrl_U0/g2m_u0/p_0_in
    SLICE_X50Y72         FDCE                                         r  system_i/tftlcd_0/inst/tftlcd_v1_0_S00_AXI_inst/TFTLCDctrl_U0/g2m_u0/opclk_reg/D
  -------------------------------------------------------------------    -------------------

                         (clock clk fall edge)       20.000    20.000 f  
    M19                                               0.000    20.000 f  clk_0 (IN)
                         net (fo=0)                   0.000    20.000    clk_0
    M19                  IBUF (Prop_ibuf_I_O)         0.392    20.392 f  clk_0_IBUF_inst/O
                         net (fo=1, routed)           1.222    21.614    system_i/tftlcd_0/inst/tftlcd_v1_0_S00_AXI_inst/TFTLCDctrl_U0/g2m_u0/clk
    SLICE_X50Y72         FDCE                                         r  system_i/tftlcd_0/inst/tftlcd_v1_0_S00_AXI_inst/TFTLCDctrl_U0/g2m_u0/opclk_reg/C  (IS_INVERTED)
                         clock pessimism             -0.350    21.264    
    SLICE_X50Y72         FDCE (Hold_fdce_C_D)         0.124    21.388    system_i/tftlcd_0/inst/tftlcd_v1_0_S00_AXI_inst/TFTLCDctrl_U0/g2m_u0/opclk_reg
  -------------------------------------------------------------------
                         required time                        -21.388    
                         arrival time                          22.727    
  -------------------------------------------------------------------
                         slack                                  1.340    





Pulse Width Checks
--------------------------------------------------------------------------------------
Clock Name:         clk
Waveform(ns):       { 0.000 20.000 }
Period(ns):         40.000
Sources:            { clk_0 }

Check Type        Corner  Lib Pin  Reference Pin  Required(ns)  Actual(ns)  Slack(ns)  Location      Pin
Min Period        n/a     FDCE/C   n/a            1.000         40.000      39.000     SLICE_X50Y72  system_i/tftlcd_0/inst/tftlcd_v1_0_S00_AXI_inst/TFTLCDctrl_U0/g2m_u0/opclk_reg/C
Low Pulse Width   Slow    FDCE/C   n/a            0.500         20.000      19.500     SLICE_X50Y72  system_i/tftlcd_0/inst/tftlcd_v1_0_S00_AXI_inst/TFTLCDctrl_U0/g2m_u0/opclk_reg/C
Low Pulse Width   Fast    FDCE/C   n/a            0.500         20.000      19.500     SLICE_X50Y72  system_i/tftlcd_0/inst/tftlcd_v1_0_S00_AXI_inst/TFTLCDctrl_U0/g2m_u0/opclk_reg/C
High Pulse Width  Fast    FDCE/C   n/a            0.500         20.000      19.500     SLICE_X50Y72  system_i/tftlcd_0/inst/tftlcd_v1_0_S00_AXI_inst/TFTLCDctrl_U0/g2m_u0/opclk_reg/C
High Pulse Width  Slow    FDCE/C   n/a            0.500         20.000      19.500     SLICE_X50Y72  system_i/tftlcd_0/inst/tftlcd_v1_0_S00_AXI_inst/TFTLCDctrl_U0/g2m_u0/opclk_reg/C



---------------------------------------------------------------------------------------------------
From Clock:  clk_fpga_0
  To Clock:  clk_fpga_0

Setup :            0  Failing Endpoints,  Worst Slack        8.629ns,  Total Violation        0.000ns
Hold  :            0  Failing Endpoints,  Worst Slack        0.029ns,  Total Violation        0.000ns
PW    :            0  Failing Endpoints,  Worst Slack        9.020ns,  Total Violation        0.000ns
---------------------------------------------------------------------------------------------------


Max Delay Paths
--------------------------------------------------------------------------------------
Slack (MET) :             8.629ns  (required time - arrival time)
  Source:                 system_i/tftlcd_0/inst/tftlcd_v1_0_S00_AXI_inst/axi_awaddr_reg[2]/C
                            (rising edge-triggered cell FDRE clocked by clk_fpga_0  {rise@0.000ns fall@10.000ns period=20.000ns})
  Destination:            system_i/tftlcd_0/inst/tftlcd_v1_0_S00_AXI_inst/MEM_U0/U0/inst_blk_mem_gen/gnbram.gnativebmg.native_blk_mem_gen/valid.cstr/ramloop[4].ram.r/prim_noinit.ram/DEVICE_7SERIES.NO_BMM_INFO.SDP.SIMPLE_PRIM36.ram/ADDRARDADDR[3]
                            (rising edge-triggered cell RAMB36E1 clocked by clk_fpga_0  {rise@0.000ns fall@10.000ns period=20.000ns})
  Path Group:             clk_fpga_0
  Path Type:              Setup (Max at Slow Process Corner)
  Requirement:            20.000ns  (clk_fpga_0 rise@20.000ns - clk_fpga_0 rise@0.000ns)
  Data Path Delay:        10.507ns  (logic 0.456ns (4.340%)  route 10.051ns (95.660%))
  Logic Levels:           0  
  Clock Path Skew:        0.004ns (DCD - SCD + CPR)
    Destination Clock Delay (DCD):    2.821ns = ( 22.821 - 20.000 ) 
    Source Clock Delay      (SCD):    2.946ns
    Clock Pessimism Removal (CPR):    0.129ns
  Clock Uncertainty:      0.302ns  ((TSJ^2 + TIJ^2)^1/2 + DJ) / 2 + PE
    Total System Jitter     (TSJ):    0.071ns
    Total Input Jitter      (TIJ):    0.600ns
    Discrete Jitter          (DJ):    0.000ns
    Phase Error              (PE):    0.000ns

    Location             Delay type                Incr(ns)  Path(ns)    Netlist Resource(s)
  -------------------------------------------------------------------    -------------------
                         (clock clk_fpga_0 rise edge)
                                                      0.000     0.000 r  
    PS7_X0Y0             PS7                          0.000     0.000 r  system_i/processing_system7_0/inst/PS7_i/FCLKCLK[0]
                         net (fo=1, routed)           1.193     1.193    system_i/processing_system7_0/inst/FCLK_CLK_unbuffered[0]
    BUFGCTRL_X0Y16       BUFG (Prop_bufg_I_O)         0.101     1.294 r  system_i/processing_system7_0/inst/buffer_fclk_clk_0.FCLK_CLK_0_BUFG/O
                         net (fo=854, routed)         1.652     2.946    system_i/tftlcd_0/inst/tftlcd_v1_0_S00_AXI_inst/s00_axi_aclk
    SLICE_X35Y93         FDRE                                         r  system_i/tftlcd_0/inst/tftlcd_v1_0_S00_AXI_inst/axi_awaddr_reg[2]/C
  -------------------------------------------------------------------    -------------------
    SLICE_X35Y93         FDRE (Prop_fdre_C_Q)         0.456     3.402 r  system_i/tftlcd_0/inst/tftlcd_v1_0_S00_AXI_inst/axi_awaddr_reg[2]/Q
                         net (fo=76, routed)         10.051    13.453    system_i/tftlcd_0/inst/tftlcd_v1_0_S00_AXI_inst/MEM_U0/U0/inst_blk_mem_gen/gnbram.gnativebmg.native_blk_mem_gen/valid.cstr/ramloop[4].ram.r/prim_noinit.ram/addra[0]
    RAMB36_X4Y19         RAMB36E1                                     r  system_i/tftlcd_0/inst/tftlcd_v1_0_S00_AXI_inst/MEM_U0/U0/inst_blk_mem_gen/gnbram.gnativebmg.native_blk_mem_gen/valid.cstr/ramloop[4].ram.r/prim_noinit.ram/DEVICE_7SERIES.NO_BMM_INFO.SDP.SIMPLE_PRIM36.ram/ADDRARDADDR[3]
  -------------------------------------------------------------------    -------------------

                         (clock clk_fpga_0 rise edge)
                                                     20.000    20.000 r  
    PS7_X0Y0             PS7                          0.000    20.000 r  system_i/processing_system7_0/inst/PS7_i/FCLKCLK[0]
                         net (fo=1, routed)           1.088    21.088    system_i/processing_system7_0/inst/FCLK_CLK_unbuffered[0]
    BUFGCTRL_X0Y16       BUFG (Prop_bufg_I_O)         0.091    21.179 r  system_i/processing_system7_0/inst/buffer_fclk_clk_0.FCLK_CLK_0_BUFG/O
                         net (fo=854, routed)         1.642    22.821    system_i/tftlcd_0/inst/tftlcd_v1_0_S00_AXI_inst/MEM_U0/U0/inst_blk_mem_gen/gnbram.gnativebmg.native_blk_mem_gen/valid.cstr/ramloop[4].ram.r/prim_noinit.ram/clka
    RAMB36_X4Y19         RAMB36E1                                     r  system_i/tftlcd_0/inst/tftlcd_v1_0_S00_AXI_inst/MEM_U0/U0/inst_blk_mem_gen/gnbram.gnativebmg.native_blk_mem_gen/valid.cstr/ramloop[4].ram.r/prim_noinit.ram/DEVICE_7SERIES.NO_BMM_INFO.SDP.SIMPLE_PRIM36.ram/CLKARDCLK
                         clock pessimism              0.129    22.950    
                         clock uncertainty           -0.302    22.648    
    RAMB36_X4Y19         RAMB36E1 (Setup_ramb36e1_CLKARDCLK_ADDRARDADDR[3])
                                                     -0.566    22.082    system_i/tftlcd_0/inst/tftlcd_v1_0_S00_AXI_inst/MEM_U0/U0/inst_blk_mem_gen/gnbram.gnativebmg.native_blk_mem_gen/valid.cstr/ramloop[4].ram.r/prim_noinit.ram/DEVICE_7SERIES.NO_BMM_INFO.SDP.SIMPLE_PRIM36.ram
  -------------------------------------------------------------------
                         required time                         22.082    
                         arrival time                         -13.453    
  -------------------------------------------------------------------
                         slack                                  8.629    

Slack (MET) :             8.966ns  (required time - arrival time)
  Source:                 system_i/tftlcd_0/inst/tftlcd_v1_0_S00_AXI_inst/axi_awaddr_reg[2]/C
                            (rising edge-triggered cell FDRE clocked by clk_fpga_0  {rise@0.000ns fall@10.000ns period=20.000ns})
  Destination:            system_i/tftlcd_0/inst/tftlcd_v1_0_S00_AXI_inst/MEM_U0/U0/inst_blk_mem_gen/gnbram.gnativebmg.native_blk_mem_gen/valid.cstr/ramloop[7].ram.r/prim_noinit.ram/DEVICE_7SERIES.NO_BMM_INFO.SDP.SIMPLE_PRIM36.ram/ADDRARDADDR[3]
                            (rising edge-triggered cell RAMB36E1 clocked by clk_fpga_0  {rise@0.000ns fall@10.000ns period=20.000ns})
  Path Group:             clk_fpga_0
  Path Type:              Setup (Max at Slow Process Corner)
  Requirement:            20.000ns  (clk_fpga_0 rise@20.000ns - clk_fpga_0 rise@0.000ns)
  Data Path Delay:        10.169ns  (logic 0.456ns (4.484%)  route 9.713ns (95.516%))
  Logic Levels:           0  
  Clock Path Skew:        0.003ns (DCD - SCD + CPR)
    Destination Clock Delay (DCD):    2.820ns = ( 22.820 - 20.000 ) 
    Source Clock Delay      (SCD):    2.946ns
    Clock Pessimism Removal (CPR):    0.129ns
  Clock Uncertainty:      0.302ns  ((TSJ^2 + TIJ^2)^1/2 + DJ) / 2 + PE
    Total System Jitter     (TSJ):    0.071ns
    Total Input Jitter      (TIJ):    0.600ns
    Discrete Jitter          (DJ):    0.000ns
    Phase Error              (PE):    0.000ns

    Location             Delay type                Incr(ns)  Path(ns)    Netlist Resource(s)
  -------------------------------------------------------------------    -------------------
                         (clock clk_fpga_0 rise edge)
                                                      0.000     0.000 r  
    PS7_X0Y0             PS7                          0.000     0.000 r  system_i/processing_system7_0/inst/PS7_i/FCLKCLK[0]
                         net (fo=1, routed)           1.193     1.193    system_i/processing_system7_0/inst/FCLK_CLK_unbuffered[0]
    BUFGCTRL_X0Y16       BUFG (Prop_bufg_I_O)         0.101     1.294 r  system_i/processing_system7_0/inst/buffer_fclk_clk_0.FCLK_CLK_0_BUFG/O
                         net (fo=854, routed)         1.652     2.946    system_i/tftlcd_0/inst/tftlcd_v1_0_S00_AXI_inst/s00_axi_aclk
    SLICE_X35Y93         FDRE                                         r  system_i/tftlcd_0/inst/tftlcd_v1_0_S00_AXI_inst/axi_awaddr_reg[2]/C
  -------------------------------------------------------------------    -------------------
    SLICE_X35Y93         FDRE (Prop_fdre_C_Q)         0.456     3.402 r  system_i/tftlcd_0/inst/tftlcd_v1_0_S00_AXI_inst/axi_awaddr_reg[2]/Q
                         net (fo=76, routed)          9.713    13.115    system_i/tftlcd_0/inst/tftlcd_v1_0_S00_AXI_inst/MEM_U0/U0/inst_blk_mem_gen/gnbram.gnativebmg.native_blk_mem_gen/valid.cstr/ramloop[7].ram.r/prim_noinit.ram/addra[0]
    RAMB36_X4Y18         RAMB36E1                                     r  system_i/tftlcd_0/inst/tftlcd_v1_0_S00_AXI_inst/MEM_U0/U0/inst_blk_mem_gen/gnbram.gnativebmg.native_blk_mem_gen/valid.cstr/ramloop[7].ram.r/prim_noinit.ram/DEVICE_7SERIES.NO_BMM_INFO.SDP.SIMPLE_PRIM36.ram/ADDRARDADDR[3]
  -------------------------------------------------------------------    -------------------

                         (clock clk_fpga_0 rise edge)
                                                     20.000    20.000 r  
    PS7_X0Y0             PS7                          0.000    20.000 r  system_i/processing_system7_0/inst/PS7_i/FCLKCLK[0]
                         net (fo=1, routed)           1.088    21.088    system_i/processing_system7_0/inst/FCLK_CLK_unbuffered[0]
    BUFGCTRL_X0Y16       BUFG (Prop_bufg_I_O)         0.091    21.179 r  system_i/processing_system7_0/inst/buffer_fclk_clk_0.FCLK_CLK_0_BUFG/O
                         net (fo=854, routed)         1.641    22.820    system_i/tftlcd_0/inst/tftlcd_v1_0_S00_AXI_inst/MEM_U0/U0/inst_blk_mem_gen/gnbram.gnativebmg.native_blk_mem_gen/valid.cstr/ramloop[7].ram.r/prim_noinit.ram/clka
    RAMB36_X4Y18         RAMB36E1                                     r  system_i/tftlcd_0/inst/tftlcd_v1_0_S00_AXI_inst/MEM_U0/U0/inst_blk_mem_gen/gnbram.gnativebmg.native_blk_mem_gen/valid.cstr/ramloop[7].ram.r/prim_noinit.ram/DEVICE_7SERIES.NO_BMM_INFO.SDP.SIMPLE_PRIM36.ram/CLKARDCLK
                         clock pessimism              0.129    22.949    
                         clock uncertainty           -0.302    22.647    
    RAMB36_X4Y18         RAMB36E1 (Setup_ramb36e1_CLKARDCLK_ADDRARDADDR[3])
                                                     -0.566    22.081    system_i/tftlcd_0/inst/tftlcd_v1_0_S00_AXI_inst/MEM_U0/U0/inst_blk_mem_gen/gnbram.gnativebmg.native_blk_mem_gen/valid.cstr/ramloop[7].ram.r/prim_noinit.ram/DEVICE_7SERIES.NO_BMM_INFO.SDP.SIMPLE_PRIM36.ram
  -------------------------------------------------------------------
                         required time                         22.081    
                         arrival time                         -13.115    
  -------------------------------------------------------------------
                         slack                                  8.966    

Slack (MET) :             9.302ns  (required time - arrival time)
  Source:                 system_i/tftlcd_0/inst/tftlcd_v1_0_S00_AXI_inst/axi_awaddr_reg[2]/C
                            (rising edge-triggered cell FDRE clocked by clk_fpga_0  {rise@0.000ns fall@10.000ns period=20.000ns})
  Destination:            system_i/tftlcd_0/inst/tftlcd_v1_0_S00_AXI_inst/MEM_U0/U0/inst_blk_mem_gen/gnbram.gnativebmg.native_blk_mem_gen/valid.cstr/ramloop[2].ram.r/prim_noinit.ram/DEVICE_7SERIES.NO_BMM_INFO.SDP.SIMPLE_PRIM36.ram/ADDRARDADDR[3]
                            (rising edge-triggered cell RAMB36E1 clocked by clk_fpga_0  {rise@0.000ns fall@10.000ns period=20.000ns})
  Path Group:             clk_fpga_0
  Path Type:              Setup (Max at Slow Process Corner)
  Requirement:            20.000ns  (clk_fpga_0 rise@20.000ns - clk_fpga_0 rise@0.000ns)
  Data Path Delay:        9.831ns  (logic 0.456ns (4.638%)  route 9.375ns (95.362%))
  Logic Levels:           0  
  Clock Path Skew:        0.001ns (DCD - SCD + CPR)
    Destination Clock Delay (DCD):    2.818ns = ( 22.818 - 20.000 ) 
    Source Clock Delay      (SCD):    2.946ns
    Clock Pessimism Removal (CPR):    0.129ns
  Clock Uncertainty:      0.302ns  ((TSJ^2 + TIJ^2)^1/2 + DJ) / 2 + PE
    Total System Jitter     (TSJ):    0.071ns
    Total Input Jitter      (TIJ):    0.600ns
    Discrete Jitter          (DJ):    0.000ns
    Phase Error              (PE):    0.000ns

    Location             Delay type                Incr(ns)  Path(ns)    Netlist Resource(s)
  -------------------------------------------------------------------    -------------------
                         (clock clk_fpga_0 rise edge)
                                                      0.000     0.000 r  
    PS7_X0Y0             PS7                          0.000     0.000 r  system_i/processing_system7_0/inst/PS7_i/FCLKCLK[0]
                         net (fo=1, routed)           1.193     1.193    system_i/processing_system7_0/inst/FCLK_CLK_unbuffered[0]
    BUFGCTRL_X0Y16       BUFG (Prop_bufg_I_O)         0.101     1.294 r  system_i/processing_system7_0/inst/buffer_fclk_clk_0.FCLK_CLK_0_BUFG/O
                         net (fo=854, routed)         1.652     2.946    system_i/tftlcd_0/inst/tftlcd_v1_0_S00_AXI_inst/s00_axi_aclk
    SLICE_X35Y93         FDRE                                         r  system_i/tftlcd_0/inst/tftlcd_v1_0_S00_AXI_inst/axi_awaddr_reg[2]/C
  -------------------------------------------------------------------    -------------------
    SLICE_X35Y93         FDRE (Prop_fdre_C_Q)         0.456     3.402 r  system_i/tftlcd_0/inst/tftlcd_v1_0_S00_AXI_inst/axi_awaddr_reg[2]/Q
                         net (fo=76, routed)          9.375    12.777    system_i/tftlcd_0/inst/tftlcd_v1_0_S00_AXI_inst/MEM_U0/U0/inst_blk_mem_gen/gnbram.gnativebmg.native_blk_mem_gen/valid.cstr/ramloop[2].ram.r/prim_noinit.ram/addra[0]
    RAMB36_X4Y17         RAMB36E1                                     r  system_i/tftlcd_0/inst/tftlcd_v1_0_S00_AXI_inst/MEM_U0/U0/inst_blk_mem_gen/gnbram.gnativebmg.native_blk_mem_gen/valid.cstr/ramloop[2].ram.r/prim_noinit.ram/DEVICE_7SERIES.NO_BMM_INFO.SDP.SIMPLE_PRIM36.ram/ADDRARDADDR[3]
  -------------------------------------------------------------------    -------------------

                         (clock clk_fpga_0 rise edge)
                                                     20.000    20.000 r  
    PS7_X0Y0             PS7                          0.000    20.000 r  system_i/processing_system7_0/inst/PS7_i/FCLKCLK[0]
                         net (fo=1, routed)           1.088    21.088    system_i/processing_system7_0/inst/FCLK_CLK_unbuffered[0]
    BUFGCTRL_X0Y16       BUFG (Prop_bufg_I_O)         0.091    21.179 r  system_i/processing_system7_0/inst/buffer_fclk_clk_0.FCLK_CLK_0_BUFG/O
                         net (fo=854, routed)         1.639    22.818    system_i/tftlcd_0/inst/tftlcd_v1_0_S00_AXI_inst/MEM_U0/U0/inst_blk_mem_gen/gnbram.gnativebmg.native_blk_mem_gen/valid.cstr/ramloop[2].ram.r/prim_noinit.ram/clka
    RAMB36_X4Y17         RAMB36E1                                     r  system_i/tftlcd_0/inst/tftlcd_v1_0_S00_AXI_inst/MEM_U0/U0/inst_blk_mem_gen/gnbram.gnativebmg.native_blk_mem_gen/valid.cstr/ramloop[2].ram.r/prim_noinit.ram/DEVICE_7SERIES.NO_BMM_INFO.SDP.SIMPLE_PRIM36.ram/CLKARDCLK
                         clock pessimism              0.129    22.947    
                         clock uncertainty           -0.302    22.645    
    RAMB36_X4Y17         RAMB36E1 (Setup_ramb36e1_CLKARDCLK_ADDRARDADDR[3])
                                                     -0.566    22.079    system_i/tftlcd_0/inst/tftlcd_v1_0_S00_AXI_inst/MEM_U0/U0/inst_blk_mem_gen/gnbram.gnativebmg.native_blk_mem_gen/valid.cstr/ramloop[2].ram.r/prim_noinit.ram/DEVICE_7SERIES.NO_BMM_INFO.SDP.SIMPLE_PRIM36.ram
  -------------------------------------------------------------------
                         required time                         22.079    
                         arrival time                         -12.777    
  -------------------------------------------------------------------
                         slack                                  9.302    

Slack (MET) :             9.338ns  (required time - arrival time)
  Source:                 system_i/tftlcd_0/inst/tftlcd_v1_0_S00_AXI_inst/axi_awaddr_reg[2]/C
                            (rising edge-triggered cell FDRE clocked by clk_fpga_0  {rise@0.000ns fall@10.000ns period=20.000ns})
  Destination:            system_i/tftlcd_0/inst/tftlcd_v1_0_S00_AXI_inst/MEM_U0/U0/inst_blk_mem_gen/gnbram.gnativebmg.native_blk_mem_gen/valid.cstr/ramloop[6].ram.r/prim_noinit.ram/DEVICE_7SERIES.NO_BMM_INFO.SDP.SIMPLE_PRIM36.ram/ADDRARDADDR[3]
                            (rising edge-triggered cell RAMB36E1 clocked by clk_fpga_0  {rise@0.000ns fall@10.000ns period=20.000ns})
  Path Group:             clk_fpga_0
  Path Type:              Setup (Max at Slow Process Corner)
  Requirement:            20.000ns  (clk_fpga_0 rise@20.000ns - clk_fpga_0 rise@0.000ns)
  Data Path Delay:        9.795ns  (logic 0.456ns (4.656%)  route 9.339ns (95.344%))
  Logic Levels:           0  
  Clock Path Skew:        0.001ns (DCD - SCD + CPR)
    Destination Clock Delay (DCD):    2.818ns = ( 22.818 - 20.000 ) 
    Source Clock Delay      (SCD):    2.946ns
    Clock Pessimism Removal (CPR):    0.129ns
  Clock Uncertainty:      0.302ns  ((TSJ^2 + TIJ^2)^1/2 + DJ) / 2 + PE
    Total System Jitter     (TSJ):    0.071ns
    Total Input Jitter      (TIJ):    0.600ns
    Discrete Jitter          (DJ):    0.000ns
    Phase Error              (PE):    0.000ns

    Location             Delay type                Incr(ns)  Path(ns)    Netlist Resource(s)
  -------------------------------------------------------------------    -------------------
                         (clock clk_fpga_0 rise edge)
                                                      0.000     0.000 r  
    PS7_X0Y0             PS7                          0.000     0.000 r  system_i/processing_system7_0/inst/PS7_i/FCLKCLK[0]
                         net (fo=1, routed)           1.193     1.193    system_i/processing_system7_0/inst/FCLK_CLK_unbuffered[0]
    BUFGCTRL_X0Y16       BUFG (Prop_bufg_I_O)         0.101     1.294 r  system_i/processing_system7_0/inst/buffer_fclk_clk_0.FCLK_CLK_0_BUFG/O
                         net (fo=854, routed)         1.652     2.946    system_i/tftlcd_0/inst/tftlcd_v1_0_S00_AXI_inst/s00_axi_aclk
    SLICE_X35Y93         FDRE                                         r  system_i/tftlcd_0/inst/tftlcd_v1_0_S00_AXI_inst/axi_awaddr_reg[2]/C
  -------------------------------------------------------------------    -------------------
    SLICE_X35Y93         FDRE (Prop_fdre_C_Q)         0.456     3.402 r  system_i/tftlcd_0/inst/tftlcd_v1_0_S00_AXI_inst/axi_awaddr_reg[2]/Q
                         net (fo=76, routed)          9.339    12.741    system_i/tftlcd_0/inst/tftlcd_v1_0_S00_AXI_inst/MEM_U0/U0/inst_blk_mem_gen/gnbram.gnativebmg.native_blk_mem_gen/valid.cstr/ramloop[6].ram.r/prim_noinit.ram/addra[0]
    RAMB36_X5Y16         RAMB36E1                                     r  system_i/tftlcd_0/inst/tftlcd_v1_0_S00_AXI_inst/MEM_U0/U0/inst_blk_mem_gen/gnbram.gnativebmg.native_blk_mem_gen/valid.cstr/ramloop[6].ram.r/prim_noinit.ram/DEVICE_7SERIES.NO_BMM_INFO.SDP.SIMPLE_PRIM36.ram/ADDRARDADDR[3]
  -------------------------------------------------------------------    -------------------

                         (clock clk_fpga_0 rise edge)
                                                     20.000    20.000 r  
    PS7_X0Y0             PS7                          0.000    20.000 r  system_i/processing_system7_0/inst/PS7_i/FCLKCLK[0]
                         net (fo=1, routed)           1.088    21.088    system_i/processing_system7_0/inst/FCLK_CLK_unbuffered[0]
    BUFGCTRL_X0Y16       BUFG (Prop_bufg_I_O)         0.091    21.179 r  system_i/processing_system7_0/inst/buffer_fclk_clk_0.FCLK_CLK_0_BUFG/O
                         net (fo=854, routed)         1.639    22.818    system_i/tftlcd_0/inst/tftlcd_v1_0_S00_AXI_inst/MEM_U0/U0/inst_blk_mem_gen/gnbram.gnativebmg.native_blk_mem_gen/valid.cstr/ramloop[6].ram.r/prim_noinit.ram/clka
    RAMB36_X5Y16         RAMB36E1                                     r  system_i/tftlcd_0/inst/tftlcd_v1_0_S00_AXI_inst/MEM_U0/U0/inst_blk_mem_gen/gnbram.gnativebmg.native_blk_mem_gen/valid.cstr/ramloop[6].ram.r/prim_noinit.ram/DEVICE_7SERIES.NO_BMM_INFO.SDP.SIMPLE_PRIM36.ram/CLKARDCLK
                         clock pessimism              0.129    22.947    
                         clock uncertainty           -0.302    22.645    
    RAMB36_X5Y16         RAMB36E1 (Setup_ramb36e1_CLKARDCLK_ADDRARDADDR[3])
                                                     -0.566    22.079    system_i/tftlcd_0/inst/tftlcd_v1_0_S00_AXI_inst/MEM_U0/U0/inst_blk_mem_gen/gnbram.gnativebmg.native_blk_mem_gen/valid.cstr/ramloop[6].ram.r/prim_noinit.ram/DEVICE_7SERIES.NO_BMM_INFO.SDP.SIMPLE_PRIM36.ram
  -------------------------------------------------------------------
                         required time                         22.079    
                         arrival time                         -12.741    
  -------------------------------------------------------------------
                         slack                                  9.338    

Slack (MET) :             9.349ns  (required time - arrival time)
  Source:                 system_i/processing_system7_0/inst/PS7_i/MAXIGP0ACLK
                            (rising edge-triggered cell PS7 clocked by clk_fpga_0  {rise@0.000ns fall@10.000ns period=20.000ns})
  Destination:            system_i/tftlcd_0/inst/tftlcd_v1_0_S00_AXI_inst/MEM_U0/U0/inst_blk_mem_gen/gnbram.gnativebmg.native_blk_mem_gen/valid.cstr/ramloop[6].ram.r/prim_noinit.ram/DEVICE_7SERIES.NO_BMM_INFO.SDP.SIMPLE_PRIM36.ram/DIADI[1]
                            (rising edge-triggered cell RAMB36E1 clocked by clk_fpga_0  {rise@0.000ns fall@10.000ns period=20.000ns})
  Path Group:             clk_fpga_0
  Path Type:              Setup (Max at Slow Process Corner)
  Requirement:            20.000ns  (clk_fpga_0 rise@20.000ns - clk_fpga_0 rise@0.000ns)
  Data Path Delay:        9.528ns  (logic 1.450ns (15.219%)  route 8.078ns (84.781%))
  Logic Levels:           0  
  Clock Path Skew:        -0.084ns (DCD - SCD + CPR)
    Destination Clock Delay (DCD):    2.818ns = ( 22.818 - 20.000 ) 
    Source Clock Delay      (SCD):    3.031ns
    Clock Pessimism Removal (CPR):    0.129ns
  Clock Uncertainty:      0.302ns  ((TSJ^2 + TIJ^2)^1/2 + DJ) / 2 + PE
    Total System Jitter     (TSJ):    0.071ns
    Total Input Jitter      (TIJ):    0.600ns
    Discrete Jitter          (DJ):    0.000ns
    Phase Error              (PE):    0.000ns

    Location             Delay type                Incr(ns)  Path(ns)    Netlist Resource(s)
  -------------------------------------------------------------------    -------------------
                         (clock clk_fpga_0 rise edge)
                                                      0.000     0.000 r  
    PS7_X0Y0             PS7                          0.000     0.000 r  system_i/processing_system7_0/inst/PS7_i/FCLKCLK[0]
                         net (fo=1, routed)           1.193     1.193    system_i/processing_system7_0/inst/FCLK_CLK_unbuffered[0]
    BUFGCTRL_X0Y16       BUFG (Prop_bufg_I_O)         0.101     1.294 r  system_i/processing_system7_0/inst/buffer_fclk_clk_0.FCLK_CLK_0_BUFG/O
                         net (fo=854, routed)         1.737     3.031    system_i/processing_system7_0/inst/M_AXI_GP0_ACLK
    PS7_X0Y0             PS7                                          r  system_i/processing_system7_0/inst/PS7_i/MAXIGP0ACLK
  -------------------------------------------------------------------    -------------------
    PS7_X0Y0             PS7 (Prop_ps7_MAXIGP0ACLK_MAXIGP0WDATA[1])
                                                      1.450     4.481 r  system_i/processing_system7_0/inst/PS7_i/MAXIGP0WDATA[1]
                         net (fo=36, routed)          8.078    12.559    system_i/tftlcd_0/inst/tftlcd_v1_0_S00_AXI_inst/MEM_U0/U0/inst_blk_mem_gen/gnbram.gnativebmg.native_blk_mem_gen/valid.cstr/ramloop[6].ram.r/prim_noinit.ram/dina[1]
    RAMB36_X5Y16         RAMB36E1                                     r  system_i/tftlcd_0/inst/tftlcd_v1_0_S00_AXI_inst/MEM_U0/U0/inst_blk_mem_gen/gnbram.gnativebmg.native_blk_mem_gen/valid.cstr/ramloop[6].ram.r/prim_noinit.ram/DEVICE_7SERIES.NO_BMM_INFO.SDP.SIMPLE_PRIM36.ram/DIADI[1]
  -------------------------------------------------------------------    -------------------

                         (clock clk_fpga_0 rise edge)
                                                     20.000    20.000 r  
    PS7_X0Y0             PS7                          0.000    20.000 r  system_i/processing_system7_0/inst/PS7_i/FCLKCLK[0]
                         net (fo=1, routed)           1.088    21.088    system_i/processing_system7_0/inst/FCLK_CLK_unbuffered[0]
    BUFGCTRL_X0Y16       BUFG (Prop_bufg_I_O)         0.091    21.179 r  system_i/processing_system7_0/inst/buffer_fclk_clk_0.FCLK_CLK_0_BUFG/O
                         net (fo=854, routed)         1.639    22.818    system_i/tftlcd_0/inst/tftlcd_v1_0_S00_AXI_inst/MEM_U0/U0/inst_blk_mem_gen/gnbram.gnativebmg.native_blk_mem_gen/valid.cstr/ramloop[6].ram.r/prim_noinit.ram/clka
    RAMB36_X5Y16         RAMB36E1                                     r  system_i/tftlcd_0/inst/tftlcd_v1_0_S00_AXI_inst/MEM_U0/U0/inst_blk_mem_gen/gnbram.gnativebmg.native_blk_mem_gen/valid.cstr/ramloop[6].ram.r/prim_noinit.ram/DEVICE_7SERIES.NO_BMM_INFO.SDP.SIMPLE_PRIM36.ram/CLKARDCLK
                         clock pessimism              0.129    22.947    
                         clock uncertainty           -0.302    22.645    
    RAMB36_X5Y16         RAMB36E1 (Setup_ramb36e1_CLKARDCLK_DIADI[1])
                                                     -0.737    21.908    system_i/tftlcd_0/inst/tftlcd_v1_0_S00_AXI_inst/MEM_U0/U0/inst_blk_mem_gen/gnbram.gnativebmg.native_blk_mem_gen/valid.cstr/ramloop[6].ram.r/prim_noinit.ram/DEVICE_7SERIES.NO_BMM_INFO.SDP.SIMPLE_PRIM36.ram
  -------------------------------------------------------------------
                         required time                         21.908    
                         arrival time                         -12.559    
  -------------------------------------------------------------------
                         slack                                  9.349    

Slack (MET) :             9.463ns  (required time - arrival time)
  Source:                 system_i/processing_system7_0/inst/PS7_i/MAXIGP0ACLK
                            (rising edge-triggered cell PS7 clocked by clk_fpga_0  {rise@0.000ns fall@10.000ns period=20.000ns})
  Destination:            system_i/tftlcd_0/inst/tftlcd_v1_0_S00_AXI_inst/MEM_U0/U0/inst_blk_mem_gen/gnbram.gnativebmg.native_blk_mem_gen/valid.cstr/ramloop[4].ram.r/prim_noinit.ram/DEVICE_7SERIES.NO_BMM_INFO.SDP.SIMPLE_PRIM36.ram/DIADI[5]
                            (rising edge-triggered cell RAMB36E1 clocked by clk_fpga_0  {rise@0.000ns fall@10.000ns period=20.000ns})
  Path Group:             clk_fpga_0
  Path Type:              Setup (Max at Slow Process Corner)
  Requirement:            20.000ns  (clk_fpga_0 rise@20.000ns - clk_fpga_0 rise@0.000ns)
  Data Path Delay:        9.417ns  (logic 1.450ns (15.398%)  route 7.967ns (84.602%))
  Logic Levels:           0  
  Clock Path Skew:        -0.081ns (DCD - SCD + CPR)
    Destination Clock Delay (DCD):    2.821ns = ( 22.821 - 20.000 ) 
    Source Clock Delay      (SCD):    3.031ns
    Clock Pessimism Removal (CPR):    0.129ns
  Clock Uncertainty:      0.302ns  ((TSJ^2 + TIJ^2)^1/2 + DJ) / 2 + PE
    Total System Jitter     (TSJ):    0.071ns
    Total Input Jitter      (TIJ):    0.600ns
    Discrete Jitter          (DJ):    0.000ns
    Phase Error              (PE):    0.000ns

    Location             Delay type                Incr(ns)  Path(ns)    Netlist Resource(s)
  -------------------------------------------------------------------    -------------------
                         (clock clk_fpga_0 rise edge)
                                                      0.000     0.000 r  
    PS7_X0Y0             PS7                          0.000     0.000 r  system_i/processing_system7_0/inst/PS7_i/FCLKCLK[0]
                         net (fo=1, routed)           1.193     1.193    system_i/processing_system7_0/inst/FCLK_CLK_unbuffered[0]
    BUFGCTRL_X0Y16       BUFG (Prop_bufg_I_O)         0.101     1.294 r  system_i/processing_system7_0/inst/buffer_fclk_clk_0.FCLK_CLK_0_BUFG/O
                         net (fo=854, routed)         1.737     3.031    system_i/processing_system7_0/inst/M_AXI_GP0_ACLK
    PS7_X0Y0             PS7                                          r  system_i/processing_system7_0/inst/PS7_i/MAXIGP0ACLK
  -------------------------------------------------------------------    -------------------
    PS7_X0Y0             PS7 (Prop_ps7_MAXIGP0ACLK_MAXIGP0WDATA[5])
                                                      1.450     4.481 r  system_i/processing_system7_0/inst/PS7_i/MAXIGP0WDATA[5]
                         net (fo=36, routed)          7.967    12.448    system_i/tftlcd_0/inst/tftlcd_v1_0_S00_AXI_inst/MEM_U0/U0/inst_blk_mem_gen/gnbram.gnativebmg.native_blk_mem_gen/valid.cstr/ramloop[4].ram.r/prim_noinit.ram/dina[5]
    RAMB36_X4Y19         RAMB36E1                                     r  system_i/tftlcd_0/inst/tftlcd_v1_0_S00_AXI_inst/MEM_U0/U0/inst_blk_mem_gen/gnbram.gnativebmg.native_blk_mem_gen/valid.cstr/ramloop[4].ram.r/prim_noinit.ram/DEVICE_7SERIES.NO_BMM_INFO.SDP.SIMPLE_PRIM36.ram/DIADI[5]
  -------------------------------------------------------------------    -------------------

                         (clock clk_fpga_0 rise edge)
                                                     20.000    20.000 r  
    PS7_X0Y0             PS7                          0.000    20.000 r  system_i/processing_system7_0/inst/PS7_i/FCLKCLK[0]
                         net (fo=1, routed)           1.088    21.088    system_i/processing_system7_0/inst/FCLK_CLK_unbuffered[0]
    BUFGCTRL_X0Y16       BUFG (Prop_bufg_I_O)         0.091    21.179 r  system_i/processing_system7_0/inst/buffer_fclk_clk_0.FCLK_CLK_0_BUFG/O
                         net (fo=854, routed)         1.642    22.821    system_i/tftlcd_0/inst/tftlcd_v1_0_S00_AXI_inst/MEM_U0/U0/inst_blk_mem_gen/gnbram.gnativebmg.native_blk_mem_gen/valid.cstr/ramloop[4].ram.r/prim_noinit.ram/clka
    RAMB36_X4Y19         RAMB36E1                                     r  system_i/tftlcd_0/inst/tftlcd_v1_0_S00_AXI_inst/MEM_U0/U0/inst_blk_mem_gen/gnbram.gnativebmg.native_blk_mem_gen/valid.cstr/ramloop[4].ram.r/prim_noinit.ram/DEVICE_7SERIES.NO_BMM_INFO.SDP.SIMPLE_PRIM36.ram/CLKARDCLK
                         clock pessimism              0.129    22.950    
                         clock uncertainty           -0.302    22.648    
    RAMB36_X4Y19         RAMB36E1 (Setup_ramb36e1_CLKARDCLK_DIADI[5])
                                                     -0.737    21.911    system_i/tftlcd_0/inst/tftlcd_v1_0_S00_AXI_inst/MEM_U0/U0/inst_blk_mem_gen/gnbram.gnativebmg.native_blk_mem_gen/valid.cstr/ramloop[4].ram.r/prim_noinit.ram/DEVICE_7SERIES.NO_BMM_INFO.SDP.SIMPLE_PRIM36.ram
  -------------------------------------------------------------------
                         required time                         21.911    
                         arrival time                         -12.448    
  -------------------------------------------------------------------
                         slack                                  9.463    

Slack (MET) :             9.504ns  (required time - arrival time)
  Source:                 system_i/processing_system7_0/inst/PS7_i/MAXIGP0ACLK
                            (rising edge-triggered cell PS7 clocked by clk_fpga_0  {rise@0.000ns fall@10.000ns period=20.000ns})
  Destination:            system_i/tftlcd_0/inst/tftlcd_v1_0_S00_AXI_inst/MEM_U0/U0/inst_blk_mem_gen/gnbram.gnativebmg.native_blk_mem_gen/valid.cstr/ramloop[14].ram.r/prim_noinit.ram/DEVICE_7SERIES.NO_BMM_INFO.SDP.SIMPLE_PRIM36.ram/DIPADIP[0]
                            (rising edge-triggered cell RAMB36E1 clocked by clk_fpga_0  {rise@0.000ns fall@10.000ns period=20.000ns})
  Path Group:             clk_fpga_0
  Path Type:              Setup (Max at Slow Process Corner)
  Requirement:            20.000ns  (clk_fpga_0 rise@20.000ns - clk_fpga_0 rise@0.000ns)
  Data Path Delay:        9.379ns  (logic 1.450ns (15.461%)  route 7.929ns (84.539%))
  Logic Levels:           0  
  Clock Path Skew:        -0.078ns (DCD - SCD + CPR)
    Destination Clock Delay (DCD):    2.824ns = ( 22.824 - 20.000 ) 
    Source Clock Delay      (SCD):    3.031ns
    Clock Pessimism Removal (CPR):    0.129ns
  Clock Uncertainty:      0.302ns  ((TSJ^2 + TIJ^2)^1/2 + DJ) / 2 + PE
    Total System Jitter     (TSJ):    0.071ns
    Total Input Jitter      (TIJ):    0.600ns
    Discrete Jitter          (DJ):    0.000ns
    Phase Error              (PE):    0.000ns

    Location             Delay type                Incr(ns)  Path(ns)    Netlist Resource(s)
  -------------------------------------------------------------------    -------------------
                         (clock clk_fpga_0 rise edge)
                                                      0.000     0.000 r  
    PS7_X0Y0             PS7                          0.000     0.000 r  system_i/processing_system7_0/inst/PS7_i/FCLKCLK[0]
                         net (fo=1, routed)           1.193     1.193    system_i/processing_system7_0/inst/FCLK_CLK_unbuffered[0]
    BUFGCTRL_X0Y16       BUFG (Prop_bufg_I_O)         0.101     1.294 r  system_i/processing_system7_0/inst/buffer_fclk_clk_0.FCLK_CLK_0_BUFG/O
                         net (fo=854, routed)         1.737     3.031    system_i/processing_system7_0/inst/M_AXI_GP0_ACLK
    PS7_X0Y0             PS7                                          r  system_i/processing_system7_0/inst/PS7_i/MAXIGP0ACLK
  -------------------------------------------------------------------    -------------------
    PS7_X0Y0             PS7 (Prop_ps7_MAXIGP0ACLK_MAXIGP0WDATA[8])
                                                      1.450     4.481 r  system_i/processing_system7_0/inst/PS7_i/MAXIGP0WDATA[8]
                         net (fo=36, routed)          7.929    12.410    system_i/tftlcd_0/inst/tftlcd_v1_0_S00_AXI_inst/MEM_U0/U0/inst_blk_mem_gen/gnbram.gnativebmg.native_blk_mem_gen/valid.cstr/ramloop[14].ram.r/prim_noinit.ram/dina[8]
    RAMB36_X5Y10         RAMB36E1                                     r  system_i/tftlcd_0/inst/tftlcd_v1_0_S00_AXI_inst/MEM_U0/U0/inst_blk_mem_gen/gnbram.gnativebmg.native_blk_mem_gen/valid.cstr/ramloop[14].ram.r/prim_noinit.ram/DEVICE_7SERIES.NO_BMM_INFO.SDP.SIMPLE_PRIM36.ram/DIPADIP[0]
  -------------------------------------------------------------------    -------------------

                         (clock clk_fpga_0 rise edge)
                                                     20.000    20.000 r  
    PS7_X0Y0             PS7                          0.000    20.000 r  system_i/processing_system7_0/inst/PS7_i/FCLKCLK[0]
                         net (fo=1, routed)           1.088    21.088    system_i/processing_system7_0/inst/FCLK_CLK_unbuffered[0]
    BUFGCTRL_X0Y16       BUFG (Prop_bufg_I_O)         0.091    21.179 r  system_i/processing_system7_0/inst/buffer_fclk_clk_0.FCLK_CLK_0_BUFG/O
                         net (fo=854, routed)         1.645    22.824    system_i/tftlcd_0/inst/tftlcd_v1_0_S00_AXI_inst/MEM_U0/U0/inst_blk_mem_gen/gnbram.gnativebmg.native_blk_mem_gen/valid.cstr/ramloop[14].ram.r/prim_noinit.ram/clka
    RAMB36_X5Y10         RAMB36E1                                     r  system_i/tftlcd_0/inst/tftlcd_v1_0_S00_AXI_inst/MEM_U0/U0/inst_blk_mem_gen/gnbram.gnativebmg.native_blk_mem_gen/valid.cstr/ramloop[14].ram.r/prim_noinit.ram/DEVICE_7SERIES.NO_BMM_INFO.SDP.SIMPLE_PRIM36.ram/CLKARDCLK
                         clock pessimism              0.129    22.953    
                         clock uncertainty           -0.302    22.651    
    RAMB36_X5Y10         RAMB36E1 (Setup_ramb36e1_CLKARDCLK_DIPADIP[0])
                                                     -0.737    21.914    system_i/tftlcd_0/inst/tftlcd_v1_0_S00_AXI_inst/MEM_U0/U0/inst_blk_mem_gen/gnbram.gnativebmg.native_blk_mem_gen/valid.cstr/ramloop[14].ram.r/prim_noinit.ram/DEVICE_7SERIES.NO_BMM_INFO.SDP.SIMPLE_PRIM36.ram
  -------------------------------------------------------------------
                         required time                         21.914    
                         arrival time                         -12.410    
  -------------------------------------------------------------------
                         slack                                  9.504    

Slack (MET) :             9.514ns  (required time - arrival time)
  Source:                 system_i/processing_system7_0/inst/PS7_i/MAXIGP0ACLK
                            (rising edge-triggered cell PS7 clocked by clk_fpga_0  {rise@0.000ns fall@10.000ns period=20.000ns})
  Destination:            system_i/tftlcd_0/inst/tftlcd_v1_0_S00_AXI_inst/MEM_U0/U0/inst_blk_mem_gen/gnbram.gnativebmg.native_blk_mem_gen/valid.cstr/ramloop[7].ram.r/prim_noinit.ram/DEVICE_7SERIES.NO_BMM_INFO.SDP.SIMPLE_PRIM36.ram/DIADI[5]
                            (rising edge-triggered cell RAMB36E1 clocked by clk_fpga_0  {rise@0.000ns fall@10.000ns period=20.000ns})
  Path Group:             clk_fpga_0
  Path Type:              Setup (Max at Slow Process Corner)
  Requirement:            20.000ns  (clk_fpga_0 rise@20.000ns - clk_fpga_0 rise@0.000ns)
  Data Path Delay:        9.365ns  (logic 1.450ns (15.482%)  route 7.915ns (84.518%))
  Logic Levels:           0  
  Clock Path Skew:        -0.082ns (DCD - SCD + CPR)
    Destination Clock Delay (DCD):    2.820ns = ( 22.820 - 20.000 ) 
    Source Clock Delay      (SCD):    3.031ns
    Clock Pessimism Removal (CPR):    0.129ns
  Clock Uncertainty:      0.302ns  ((TSJ^2 + TIJ^2)^1/2 + DJ) / 2 + PE
    Total System Jitter     (TSJ):    0.071ns
    Total Input Jitter      (TIJ):    0.600ns
    Discrete Jitter          (DJ):    0.000ns
    Phase Error              (PE):    0.000ns

    Location             Delay type                Incr(ns)  Path(ns)    Netlist Resource(s)
  -------------------------------------------------------------------    -------------------
                         (clock clk_fpga_0 rise edge)
                                                      0.000     0.000 r  
    PS7_X0Y0             PS7                          0.000     0.000 r  system_i/processing_system7_0/inst/PS7_i/FCLKCLK[0]
                         net (fo=1, routed)           1.193     1.193    system_i/processing_system7_0/inst/FCLK_CLK_unbuffered[0]
    BUFGCTRL_X0Y16       BUFG (Prop_bufg_I_O)         0.101     1.294 r  system_i/processing_system7_0/inst/buffer_fclk_clk_0.FCLK_CLK_0_BUFG/O
                         net (fo=854, routed)         1.737     3.031    system_i/processing_system7_0/inst/M_AXI_GP0_ACLK
    PS7_X0Y0             PS7                                          r  system_i/processing_system7_0/inst/PS7_i/MAXIGP0ACLK
  -------------------------------------------------------------------    -------------------
    PS7_X0Y0             PS7 (Prop_ps7_MAXIGP0ACLK_MAXIGP0WDATA[5])
                                                      1.450     4.481 r  system_i/processing_system7_0/inst/PS7_i/MAXIGP0WDATA[5]
                         net (fo=36, routed)          7.915    12.396    system_i/tftlcd_0/inst/tftlcd_v1_0_S00_AXI_inst/MEM_U0/U0/inst_blk_mem_gen/gnbram.gnativebmg.native_blk_mem_gen/valid.cstr/ramloop[7].ram.r/prim_noinit.ram/dina[5]
    RAMB36_X4Y18         RAMB36E1                                     r  system_i/tftlcd_0/inst/tftlcd_v1_0_S00_AXI_inst/MEM_U0/U0/inst_blk_mem_gen/gnbram.gnativebmg.native_blk_mem_gen/valid.cstr/ramloop[7].ram.r/prim_noinit.ram/DEVICE_7SERIES.NO_BMM_INFO.SDP.SIMPLE_PRIM36.ram/DIADI[5]
  -------------------------------------------------------------------    -------------------

                         (clock clk_fpga_0 rise edge)
                                                     20.000    20.000 r  
    PS7_X0Y0             PS7                          0.000    20.000 r  system_i/processing_system7_0/inst/PS7_i/FCLKCLK[0]
                         net (fo=1, routed)           1.088    21.088    system_i/processing_system7_0/inst/FCLK_CLK_unbuffered[0]
    BUFGCTRL_X0Y16       BUFG (Prop_bufg_I_O)         0.091    21.179 r  system_i/processing_system7_0/inst/buffer_fclk_clk_0.FCLK_CLK_0_BUFG/O
                         net (fo=854, routed)         1.641    22.820    system_i/tftlcd_0/inst/tftlcd_v1_0_S00_AXI_inst/MEM_U0/U0/inst_blk_mem_gen/gnbram.gnativebmg.native_blk_mem_gen/valid.cstr/ramloop[7].ram.r/prim_noinit.ram/clka
    RAMB36_X4Y18         RAMB36E1                                     r  system_i/tftlcd_0/inst/tftlcd_v1_0_S00_AXI_inst/MEM_U0/U0/inst_blk_mem_gen/gnbram.gnativebmg.native_blk_mem_gen/valid.cstr/ramloop[7].ram.r/prim_noinit.ram/DEVICE_7SERIES.NO_BMM_INFO.SDP.SIMPLE_PRIM36.ram/CLKARDCLK
                         clock pessimism              0.129    22.949    
                         clock uncertainty           -0.302    22.647    
    RAMB36_X4Y18         RAMB36E1 (Setup_ramb36e1_CLKARDCLK_DIADI[5])
                                                     -0.737    21.910    system_i/tftlcd_0/inst/tftlcd_v1_0_S00_AXI_inst/MEM_U0/U0/inst_blk_mem_gen/gnbram.gnativebmg.native_blk_mem_gen/valid.cstr/ramloop[7].ram.r/prim_noinit.ram/DEVICE_7SERIES.NO_BMM_INFO.SDP.SIMPLE_PRIM36.ram
  -------------------------------------------------------------------
                         required time                         21.910    
                         arrival time                         -12.396    
  -------------------------------------------------------------------
                         slack                                  9.514    

Slack (MET) :             9.636ns  (required time - arrival time)
  Source:                 system_i/tftlcd_0/inst/tftlcd_v1_0_S00_AXI_inst/axi_awaddr_reg[2]/C
                            (rising edge-triggered cell FDRE clocked by clk_fpga_0  {rise@0.000ns fall@10.000ns period=20.000ns})
  Destination:            system_i/tftlcd_0/inst/tftlcd_v1_0_S00_AXI_inst/MEM_U0/U0/inst_blk_mem_gen/gnbram.gnativebmg.native_blk_mem_gen/valid.cstr/ramloop[0].ram.r/prim_noinit.ram/DEVICE_7SERIES.NO_BMM_INFO.SDP.SIMPLE_PRIM36.ram/ADDRARDADDR[3]
                            (rising edge-triggered cell RAMB36E1 clocked by clk_fpga_0  {rise@0.000ns fall@10.000ns period=20.000ns})
  Path Group:             clk_fpga_0
  Path Type:              Setup (Max at Slow Process Corner)
  Requirement:            20.000ns  (clk_fpga_0 rise@20.000ns - clk_fpga_0 rise@0.000ns)
  Data Path Delay:        9.493ns  (logic 0.456ns (4.803%)  route 9.037ns (95.197%))
  Logic Levels:           0  
  Clock Path Skew:        -0.003ns (DCD - SCD + CPR)
    Destination Clock Delay (DCD):    2.814ns = ( 22.814 - 20.000 ) 
    Source Clock Delay      (SCD):    2.946ns
    Clock Pessimism Removal (CPR):    0.129ns
  Clock Uncertainty:      0.302ns  ((TSJ^2 + TIJ^2)^1/2 + DJ) / 2 + PE
    Total System Jitter     (TSJ):    0.071ns
    Total Input Jitter      (TIJ):    0.600ns
    Discrete Jitter          (DJ):    0.000ns
    Phase Error              (PE):    0.000ns

    Location             Delay type                Incr(ns)  Path(ns)    Netlist Resource(s)
  -------------------------------------------------------------------    -------------------
                         (clock clk_fpga_0 rise edge)
                                                      0.000     0.000 r  
    PS7_X0Y0             PS7                          0.000     0.000 r  system_i/processing_system7_0/inst/PS7_i/FCLKCLK[0]
                         net (fo=1, routed)           1.193     1.193    system_i/processing_system7_0/inst/FCLK_CLK_unbuffered[0]
    BUFGCTRL_X0Y16       BUFG (Prop_bufg_I_O)         0.101     1.294 r  system_i/processing_system7_0/inst/buffer_fclk_clk_0.FCLK_CLK_0_BUFG/O
                         net (fo=854, routed)         1.652     2.946    system_i/tftlcd_0/inst/tftlcd_v1_0_S00_AXI_inst/s00_axi_aclk
    SLICE_X35Y93         FDRE                                         r  system_i/tftlcd_0/inst/tftlcd_v1_0_S00_AXI_inst/axi_awaddr_reg[2]/C
  -------------------------------------------------------------------    -------------------
    SLICE_X35Y93         FDRE (Prop_fdre_C_Q)         0.456     3.402 r  system_i/tftlcd_0/inst/tftlcd_v1_0_S00_AXI_inst/axi_awaddr_reg[2]/Q
                         net (fo=76, routed)          9.037    12.439    system_i/tftlcd_0/inst/tftlcd_v1_0_S00_AXI_inst/MEM_U0/U0/inst_blk_mem_gen/gnbram.gnativebmg.native_blk_mem_gen/valid.cstr/ramloop[0].ram.r/prim_noinit.ram/addra[0]
    RAMB36_X4Y16         RAMB36E1                                     r  system_i/tftlcd_0/inst/tftlcd_v1_0_S00_AXI_inst/MEM_U0/U0/inst_blk_mem_gen/gnbram.gnativebmg.native_blk_mem_gen/valid.cstr/ramloop[0].ram.r/prim_noinit.ram/DEVICE_7SERIES.NO_BMM_INFO.SDP.SIMPLE_PRIM36.ram/ADDRARDADDR[3]
  -------------------------------------------------------------------    -------------------

                         (clock clk_fpga_0 rise edge)
                                                     20.000    20.000 r  
    PS7_X0Y0             PS7                          0.000    20.000 r  system_i/processing_system7_0/inst/PS7_i/FCLKCLK[0]
                         net (fo=1, routed)           1.088    21.088    system_i/processing_system7_0/inst/FCLK_CLK_unbuffered[0]
    BUFGCTRL_X0Y16       BUFG (Prop_bufg_I_O)         0.091    21.179 r  system_i/processing_system7_0/inst/buffer_fclk_clk_0.FCLK_CLK_0_BUFG/O
                         net (fo=854, routed)         1.635    22.814    system_i/tftlcd_0/inst/tftlcd_v1_0_S00_AXI_inst/MEM_U0/U0/inst_blk_mem_gen/gnbram.gnativebmg.native_blk_mem_gen/valid.cstr/ramloop[0].ram.r/prim_noinit.ram/clka
    RAMB36_X4Y16         RAMB36E1                                     r  system_i/tftlcd_0/inst/tftlcd_v1_0_S00_AXI_inst/MEM_U0/U0/inst_blk_mem_gen/gnbram.gnativebmg.native_blk_mem_gen/valid.cstr/ramloop[0].ram.r/prim_noinit.ram/DEVICE_7SERIES.NO_BMM_INFO.SDP.SIMPLE_PRIM36.ram/CLKARDCLK
                         clock pessimism              0.129    22.943    
                         clock uncertainty           -0.302    22.641    
    RAMB36_X4Y16         RAMB36E1 (Setup_ramb36e1_CLKARDCLK_ADDRARDADDR[3])
                                                     -0.566    22.075    system_i/tftlcd_0/inst/tftlcd_v1_0_S00_AXI_inst/MEM_U0/U0/inst_blk_mem_gen/gnbram.gnativebmg.native_blk_mem_gen/valid.cstr/ramloop[0].ram.r/prim_noinit.ram/DEVICE_7SERIES.NO_BMM_INFO.SDP.SIMPLE_PRIM36.ram
  -------------------------------------------------------------------
                         required time                         22.075    
                         arrival time                         -12.439    
  -------------------------------------------------------------------
                         slack                                  9.636    

Slack (MET) :             9.671ns  (required time - arrival time)
  Source:                 system_i/tftlcd_0/inst/tftlcd_v1_0_S00_AXI_inst/axi_awaddr_reg[2]/C
                            (rising edge-triggered cell FDRE clocked by clk_fpga_0  {rise@0.000ns fall@10.000ns period=20.000ns})
  Destination:            system_i/tftlcd_0/inst/tftlcd_v1_0_S00_AXI_inst/MEM_U0/U0/inst_blk_mem_gen/gnbram.gnativebmg.native_blk_mem_gen/valid.cstr/ramloop[3].ram.r/prim_noinit.ram/DEVICE_7SERIES.NO_BMM_INFO.SDP.SIMPLE_PRIM36.ram/ADDRARDADDR[3]
                            (rising edge-triggered cell RAMB36E1 clocked by clk_fpga_0  {rise@0.000ns fall@10.000ns period=20.000ns})
  Path Group:             clk_fpga_0
  Path Type:              Setup (Max at Slow Process Corner)
  Requirement:            20.000ns  (clk_fpga_0 rise@20.000ns - clk_fpga_0 rise@0.000ns)
  Data Path Delay:        9.457ns  (logic 0.456ns (4.822%)  route 9.001ns (95.178%))
  Logic Levels:           0  
  Clock Path Skew:        -0.004ns (DCD - SCD + CPR)
    Destination Clock Delay (DCD):    2.813ns = ( 22.813 - 20.000 ) 
    Source Clock Delay      (SCD):    2.946ns
    Clock Pessimism Removal (CPR):    0.129ns
  Clock Uncertainty:      0.302ns  ((TSJ^2 + TIJ^2)^1/2 + DJ) / 2 + PE
    Total System Jitter     (TSJ):    0.071ns
    Total Input Jitter      (TIJ):    0.600ns
    Discrete Jitter          (DJ):    0.000ns
    Phase Error              (PE):    0.000ns

    Location             Delay type                Incr(ns)  Path(ns)    Netlist Resource(s)
  -------------------------------------------------------------------    -------------------
                         (clock clk_fpga_0 rise edge)
                                                      0.000     0.000 r  
    PS7_X0Y0             PS7                          0.000     0.000 r  system_i/processing_system7_0/inst/PS7_i/FCLKCLK[0]
                         net (fo=1, routed)           1.193     1.193    system_i/processing_system7_0/inst/FCLK_CLK_unbuffered[0]
    BUFGCTRL_X0Y16       BUFG (Prop_bufg_I_O)         0.101     1.294 r  system_i/processing_system7_0/inst/buffer_fclk_clk_0.FCLK_CLK_0_BUFG/O
                         net (fo=854, routed)         1.652     2.946    system_i/tftlcd_0/inst/tftlcd_v1_0_S00_AXI_inst/s00_axi_aclk
    SLICE_X35Y93         FDRE                                         r  system_i/tftlcd_0/inst/tftlcd_v1_0_S00_AXI_inst/axi_awaddr_reg[2]/C
  -------------------------------------------------------------------    -------------------
    SLICE_X35Y93         FDRE (Prop_fdre_C_Q)         0.456     3.402 r  system_i/tftlcd_0/inst/tftlcd_v1_0_S00_AXI_inst/axi_awaddr_reg[2]/Q
                         net (fo=76, routed)          9.001    12.403    system_i/tftlcd_0/inst/tftlcd_v1_0_S00_AXI_inst/MEM_U0/U0/inst_blk_mem_gen/gnbram.gnativebmg.native_blk_mem_gen/valid.cstr/ramloop[3].ram.r/prim_noinit.ram/addra[0]
    RAMB36_X5Y15         RAMB36E1                                     r  system_i/tftlcd_0/inst/tftlcd_v1_0_S00_AXI_inst/MEM_U0/U0/inst_blk_mem_gen/gnbram.gnativebmg.native_blk_mem_gen/valid.cstr/ramloop[3].ram.r/prim_noinit.ram/DEVICE_7SERIES.NO_BMM_INFO.SDP.SIMPLE_PRIM36.ram/ADDRARDADDR[3]
  -------------------------------------------------------------------    -------------------

                         (clock clk_fpga_0 rise edge)
                                                     20.000    20.000 r  
    PS7_X0Y0             PS7                          0.000    20.000 r  system_i/processing_system7_0/inst/PS7_i/FCLKCLK[0]
                         net (fo=1, routed)           1.088    21.088    system_i/processing_system7_0/inst/FCLK_CLK_unbuffered[0]
    BUFGCTRL_X0Y16       BUFG (Prop_bufg_I_O)         0.091    21.179 r  system_i/processing_system7_0/inst/buffer_fclk_clk_0.FCLK_CLK_0_BUFG/O
                         net (fo=854, routed)         1.634    22.813    system_i/tftlcd_0/inst/tftlcd_v1_0_S00_AXI_inst/MEM_U0/U0/inst_blk_mem_gen/gnbram.gnativebmg.native_blk_mem_gen/valid.cstr/ramloop[3].ram.r/prim_noinit.ram/clka
    RAMB36_X5Y15         RAMB36E1                                     r  system_i/tftlcd_0/inst/tftlcd_v1_0_S00_AXI_inst/MEM_U0/U0/inst_blk_mem_gen/gnbram.gnativebmg.native_blk_mem_gen/valid.cstr/ramloop[3].ram.r/prim_noinit.ram/DEVICE_7SERIES.NO_BMM_INFO.SDP.SIMPLE_PRIM36.ram/CLKARDCLK
                         clock pessimism              0.129    22.942    
                         clock uncertainty           -0.302    22.640    
    RAMB36_X5Y15         RAMB36E1 (Setup_ramb36e1_CLKARDCLK_ADDRARDADDR[3])
                                                     -0.566    22.074    system_i/tftlcd_0/inst/tftlcd_v1_0_S00_AXI_inst/MEM_U0/U0/inst_blk_mem_gen/gnbram.gnativebmg.native_blk_mem_gen/valid.cstr/ramloop[3].ram.r/prim_noinit.ram/DEVICE_7SERIES.NO_BMM_INFO.SDP.SIMPLE_PRIM36.ram
  -------------------------------------------------------------------
                         required time                         22.074    
                         arrival time                         -12.403    
  -------------------------------------------------------------------
                         slack                                  9.671    





Min Delay Paths
--------------------------------------------------------------------------------------
Slack (MET) :             0.029ns  (arrival time - required time)
  Source:                 system_i/ps7_0_axi_periph/s00_couplers/auto_pc/inst/gen_axilite.gen_b2s_conv.axilite_b2s/SI_REG/aw.aw_pipe/skid_buffer_reg[61]/C
                            (rising edge-triggered cell FDRE clocked by clk_fpga_0  {rise@0.000ns fall@10.000ns period=20.000ns})
  Destination:            system_i/ps7_0_axi_periph/s00_couplers/auto_pc/inst/gen_axilite.gen_b2s_conv.axilite_b2s/SI_REG/aw.aw_pipe/m_payload_i_reg[61]/D
                            (rising edge-triggered cell FDRE clocked by clk_fpga_0  {rise@0.000ns fall@10.000ns period=20.000ns})
  Path Group:             clk_fpga_0
  Path Type:              Hold (Min at Fast Process Corner)
  Requirement:            0.000ns  (clk_fpga_0 rise@0.000ns - clk_fpga_0 rise@0.000ns)
  Data Path Delay:        0.486ns  (logic 0.225ns (46.342%)  route 0.261ns (53.658%))
  Logic Levels:           1  (LUT3=1)
  Clock Path Skew:        0.349ns (DCD - SCD - CPR)
    Destination Clock Delay (DCD):    1.297ns
    Source Clock Delay      (SCD):    0.913ns
    Clock Pessimism Removal (CPR):    0.035ns

    Location             Delay type                Incr(ns)  Path(ns)    Netlist Resource(s)
  -------------------------------------------------------------------    -------------------
                         (clock clk_fpga_0 rise edge)
                                                      0.000     0.000 r  
    PS7_X0Y0             PS7                          0.000     0.000 r  system_i/processing_system7_0/inst/PS7_i/FCLKCLK[0]
                         net (fo=1, routed)           0.310     0.310    system_i/processing_system7_0/inst/FCLK_CLK_unbuffered[0]
    BUFGCTRL_X0Y16       BUFG (Prop_bufg_I_O)         0.026     0.336 r  system_i/processing_system7_0/inst/buffer_fclk_clk_0.FCLK_CLK_0_BUFG/O
                         net (fo=854, routed)         0.577     0.913    system_i/ps7_0_axi_periph/s00_couplers/auto_pc/inst/gen_axilite.gen_b2s_conv.axilite_b2s/SI_REG/aw.aw_pipe/aclk
    SLICE_X28Y99         FDRE                                         r  system_i/ps7_0_axi_periph/s00_couplers/auto_pc/inst/gen_axilite.gen_b2s_conv.axilite_b2s/SI_REG/aw.aw_pipe/skid_buffer_reg[61]/C
  -------------------------------------------------------------------    -------------------
    SLICE_X28Y99         FDRE (Prop_fdre_C_Q)         0.128     1.041 r  system_i/ps7_0_axi_periph/s00_couplers/auto_pc/inst/gen_axilite.gen_b2s_conv.axilite_b2s/SI_REG/aw.aw_pipe/skid_buffer_reg[61]/Q
                         net (fo=1, routed)           0.261     1.301    system_i/ps7_0_axi_periph/s00_couplers/auto_pc/inst/gen_axilite.gen_b2s_conv.axilite_b2s/SI_REG/aw.aw_pipe/skid_buffer_reg_n_0_[61]
    SLICE_X28Y100        LUT3 (Prop_lut3_I2_O)        0.097     1.398 r  system_i/ps7_0_axi_periph/s00_couplers/auto_pc/inst/gen_axilite.gen_b2s_conv.axilite_b2s/SI_REG/aw.aw_pipe/m_payload_i[61]_i_1/O
                         net (fo=1, routed)           0.000     1.398    system_i/ps7_0_axi_periph/s00_couplers/auto_pc/inst/gen_axilite.gen_b2s_conv.axilite_b2s/SI_REG/aw.aw_pipe/skid_buffer[61]
    SLICE_X28Y100        FDRE                                         r  system_i/ps7_0_axi_periph/s00_couplers/auto_pc/inst/gen_axilite.gen_b2s_conv.axilite_b2s/SI_REG/aw.aw_pipe/m_payload_i_reg[61]/D
  -------------------------------------------------------------------    -------------------

                         (clock clk_fpga_0 rise edge)
                                                      0.000     0.000 r  
    PS7_X0Y0             PS7                          0.000     0.000 r  system_i/processing_system7_0/inst/PS7_i/FCLKCLK[0]
                         net (fo=1, routed)           0.337     0.337    system_i/processing_system7_0/inst/FCLK_CLK_unbuffered[0]
    BUFGCTRL_X0Y16       BUFG (Prop_bufg_I_O)         0.029     0.366 r  system_i/processing_system7_0/inst/buffer_fclk_clk_0.FCLK_CLK_0_BUFG/O
                         net (fo=854, routed)         0.931     1.297    system_i/ps7_0_axi_periph/s00_couplers/auto_pc/inst/gen_axilite.gen_b2s_conv.axilite_b2s/SI_REG/aw.aw_pipe/aclk
    SLICE_X28Y100        FDRE                                         r  system_i/ps7_0_axi_periph/s00_couplers/auto_pc/inst/gen_axilite.gen_b2s_conv.axilite_b2s/SI_REG/aw.aw_pipe/m_payload_i_reg[61]/C
                         clock pessimism             -0.035     1.262    
    SLICE_X28Y100        FDRE (Hold_fdre_C_D)         0.107     1.369    system_i/ps7_0_axi_periph/s00_couplers/auto_pc/inst/gen_axilite.gen_b2s_conv.axilite_b2s/SI_REG/aw.aw_pipe/m_payload_i_reg[61]
  -------------------------------------------------------------------
                         required time                         -1.369    
                         arrival time                           1.398    
  -------------------------------------------------------------------
                         slack                                  0.029    

Slack (MET) :             0.096ns  (arrival time - required time)
  Source:                 system_i/tftlcd_0/inst/tftlcd_v1_0_S00_AXI_inst/axi_rdata_reg[7]/C
                            (rising edge-triggered cell FDRE clocked by clk_fpga_0  {rise@0.000ns fall@10.000ns period=20.000ns})
  Destination:            system_i/ps7_0_axi_periph/s00_couplers/auto_pc/inst/gen_axilite.gen_b2s_conv.axilite_b2s/RD.r_channel_0/rd_data_fifo_0/memory_reg[31][7]_srl32/D
                            (rising edge-triggered cell SRLC32E clocked by clk_fpga_0  {rise@0.000ns fall@10.000ns period=20.000ns})
  Path Group:             clk_fpga_0
  Path Type:              Hold (Min at Fast Process Corner)
  Requirement:            0.000ns  (clk_fpga_0 rise@0.000ns - clk_fpga_0 rise@0.000ns)
  Data Path Delay:        0.242ns  (logic 0.128ns (52.946%)  route 0.114ns (47.054%))
  Logic Levels:           0  
  Clock Path Skew:        0.016ns (DCD - SCD - CPR)
    Destination Clock Delay (DCD):    1.210ns
    Source Clock Delay      (SCD):    0.912ns
    Clock Pessimism Removal (CPR):    0.282ns

    Location             Delay type                Incr(ns)  Path(ns)    Netlist Resource(s)
  -------------------------------------------------------------------    -------------------
                         (clock clk_fpga_0 rise edge)
                                                      0.000     0.000 r  
    PS7_X0Y0             PS7                          0.000     0.000 r  system_i/processing_system7_0/inst/PS7_i/FCLKCLK[0]
                         net (fo=1, routed)           0.310     0.310    system_i/processing_system7_0/inst/FCLK_CLK_unbuffered[0]
    BUFGCTRL_X0Y16       BUFG (Prop_bufg_I_O)         0.026     0.336 r  system_i/processing_system7_0/inst/buffer_fclk_clk_0.FCLK_CLK_0_BUFG/O
                         net (fo=854, routed)         0.576     0.912    system_i/tftlcd_0/inst/tftlcd_v1_0_S00_AXI_inst/s00_axi_aclk
    SLICE_X31Y96         FDRE                                         r  system_i/tftlcd_0/inst/tftlcd_v1_0_S00_AXI_inst/axi_rdata_reg[7]/C
  -------------------------------------------------------------------    -------------------
    SLICE_X31Y96         FDRE (Prop_fdre_C_Q)         0.128     1.040 r  system_i/tftlcd_0/inst/tftlcd_v1_0_S00_AXI_inst/axi_rdata_reg[7]/Q
                         net (fo=1, routed)           0.114     1.153    system_i/ps7_0_axi_periph/s00_couplers/auto_pc/inst/gen_axilite.gen_b2s_conv.axilite_b2s/RD.r_channel_0/rd_data_fifo_0/in[7]
    SLICE_X30Y95         SRLC32E                                      r  system_i/ps7_0_axi_periph/s00_couplers/auto_pc/inst/gen_axilite.gen_b2s_conv.axilite_b2s/RD.r_channel_0/rd_data_fifo_0/memory_reg[31][7]_srl32/D
  -------------------------------------------------------------------    -------------------

                         (clock clk_fpga_0 rise edge)
                                                      0.000     0.000 r  
    PS7_X0Y0             PS7                          0.000     0.000 r  system_i/processing_system7_0/inst/PS7_i/FCLKCLK[0]
                         net (fo=1, routed)           0.337     0.337    system_i/processing_system7_0/inst/FCLK_CLK_unbuffered[0]
    BUFGCTRL_X0Y16       BUFG (Prop_bufg_I_O)         0.029     0.366 r  system_i/processing_system7_0/inst/buffer_fclk_clk_0.FCLK_CLK_0_BUFG/O
                         net (fo=854, routed)         0.844     1.210    system_i/ps7_0_axi_periph/s00_couplers/auto_pc/inst/gen_axilite.gen_b2s_conv.axilite_b2s/RD.r_channel_0/rd_data_fifo_0/aclk
    SLICE_X30Y95         SRLC32E                                      r  system_i/ps7_0_axi_periph/s00_couplers/auto_pc/inst/gen_axilite.gen_b2s_conv.axilite_b2s/RD.r_channel_0/rd_data_fifo_0/memory_reg[31][7]_srl32/CLK
                         clock pessimism             -0.282     0.928    
    SLICE_X30Y95         SRLC32E (Hold_srlc32e_CLK_D)
                                                      0.130     1.058    system_i/ps7_0_axi_periph/s00_couplers/auto_pc/inst/gen_axilite.gen_b2s_conv.axilite_b2s/RD.r_channel_0/rd_data_fifo_0/memory_reg[31][7]_srl32
  -------------------------------------------------------------------
                         required time                         -1.058    
                         arrival time                           1.153    
  -------------------------------------------------------------------
                         slack                                  0.096    

Slack (MET) :             0.098ns  (arrival time - required time)
  Source:                 system_i/ps7_0_axi_periph/s00_couplers/auto_pc/inst/gen_axilite.gen_b2s_conv.axilite_b2s/RD.r_channel_0/r_arid_r_reg[6]/C
                            (rising edge-triggered cell FDRE clocked by clk_fpga_0  {rise@0.000ns fall@10.000ns period=20.000ns})
  Destination:            system_i/ps7_0_axi_periph/s00_couplers/auto_pc/inst/gen_axilite.gen_b2s_conv.axilite_b2s/RD.r_channel_0/transaction_fifo_0/memory_reg[31][7]_srl32/D
                            (rising edge-triggered cell SRLC32E clocked by clk_fpga_0  {rise@0.000ns fall@10.000ns period=20.000ns})
  Path Group:             clk_fpga_0
  Path Type:              Hold (Min at Fast Process Corner)
  Requirement:            0.000ns  (clk_fpga_0 rise@0.000ns - clk_fpga_0 rise@0.000ns)
  Data Path Delay:        0.297ns  (logic 0.141ns (47.452%)  route 0.156ns (52.548%))
  Logic Levels:           0  
  Clock Path Skew:        0.016ns (DCD - SCD - CPR)
    Destination Clock Delay (DCD):    1.208ns
    Source Clock Delay      (SCD):    0.910ns
    Clock Pessimism Removal (CPR):    0.282ns

    Location             Delay type                Incr(ns)  Path(ns)    Netlist Resource(s)
  -------------------------------------------------------------------    -------------------
                         (clock clk_fpga_0 rise edge)
                                                      0.000     0.000 r  
    PS7_X0Y0             PS7                          0.000     0.000 r  system_i/processing_system7_0/inst/PS7_i/FCLKCLK[0]
                         net (fo=1, routed)           0.310     0.310    system_i/processing_system7_0/inst/FCLK_CLK_unbuffered[0]
    BUFGCTRL_X0Y16       BUFG (Prop_bufg_I_O)         0.026     0.336 r  system_i/processing_system7_0/inst/buffer_fclk_clk_0.FCLK_CLK_0_BUFG/O
                         net (fo=854, routed)         0.574     0.910    system_i/ps7_0_axi_periph/s00_couplers/auto_pc/inst/gen_axilite.gen_b2s_conv.axilite_b2s/RD.r_channel_0/aclk
    SLICE_X29Y88         FDRE                                         r  system_i/ps7_0_axi_periph/s00_couplers/auto_pc/inst/gen_axilite.gen_b2s_conv.axilite_b2s/RD.r_channel_0/r_arid_r_reg[6]/C
  -------------------------------------------------------------------    -------------------
    SLICE_X29Y88         FDRE (Prop_fdre_C_Q)         0.141     1.051 r  system_i/ps7_0_axi_periph/s00_couplers/auto_pc/inst/gen_axilite.gen_b2s_conv.axilite_b2s/RD.r_channel_0/r_arid_r_reg[6]/Q
                         net (fo=1, routed)           0.156     1.207    system_i/ps7_0_axi_periph/s00_couplers/auto_pc/inst/gen_axilite.gen_b2s_conv.axilite_b2s/RD.r_channel_0/transaction_fifo_0/in[7]
    SLICE_X30Y88         SRLC32E                                      r  system_i/ps7_0_axi_periph/s00_couplers/auto_pc/inst/gen_axilite.gen_b2s_conv.axilite_b2s/RD.r_channel_0/transaction_fifo_0/memory_reg[31][7]_srl32/D
  -------------------------------------------------------------------    -------------------

                         (clock clk_fpga_0 rise edge)
                                                      0.000     0.000 r  
    PS7_X0Y0             PS7                          0.000     0.000 r  system_i/processing_system7_0/inst/PS7_i/FCLKCLK[0]
                         net (fo=1, routed)           0.337     0.337    system_i/processing_system7_0/inst/FCLK_CLK_unbuffered[0]
    BUFGCTRL_X0Y16       BUFG (Prop_bufg_I_O)         0.029     0.366 r  system_i/processing_system7_0/inst/buffer_fclk_clk_0.FCLK_CLK_0_BUFG/O
                         net (fo=854, routed)         0.842     1.208    system_i/ps7_0_axi_periph/s00_couplers/auto_pc/inst/gen_axilite.gen_b2s_conv.axilite_b2s/RD.r_channel_0/transaction_fifo_0/aclk
    SLICE_X30Y88         SRLC32E                                      r  system_i/ps7_0_axi_periph/s00_couplers/auto_pc/inst/gen_axilite.gen_b2s_conv.axilite_b2s/RD.r_channel_0/transaction_fifo_0/memory_reg[31][7]_srl32/CLK
                         clock pessimism             -0.282     0.926    
    SLICE_X30Y88         SRLC32E (Hold_srlc32e_CLK_D)
                                                      0.183     1.109    system_i/ps7_0_axi_periph/s00_couplers/auto_pc/inst/gen_axilite.gen_b2s_conv.axilite_b2s/RD.r_channel_0/transaction_fifo_0/memory_reg[31][7]_srl32
  -------------------------------------------------------------------
                         required time                         -1.109    
                         arrival time                           1.207    
  -------------------------------------------------------------------
                         slack                                  0.098    

Slack (MET) :             0.098ns  (arrival time - required time)
  Source:                 system_i/tftlcd_0/inst/tftlcd_v1_0_S00_AXI_inst/axi_rdata_reg[5]/C
                            (rising edge-triggered cell FDRE clocked by clk_fpga_0  {rise@0.000ns fall@10.000ns period=20.000ns})
  Destination:            system_i/ps7_0_axi_periph/s00_couplers/auto_pc/inst/gen_axilite.gen_b2s_conv.axilite_b2s/RD.r_channel_0/rd_data_fifo_0/memory_reg[31][5]_srl32/D
                            (rising edge-triggered cell SRLC32E clocked by clk_fpga_0  {rise@0.000ns fall@10.000ns period=20.000ns})
  Path Group:             clk_fpga_0
  Path Type:              Hold (Min at Fast Process Corner)
  Requirement:            0.000ns  (clk_fpga_0 rise@0.000ns - clk_fpga_0 rise@0.000ns)
  Data Path Delay:        0.241ns  (logic 0.128ns (53.025%)  route 0.113ns (46.975%))
  Logic Levels:           0  
  Clock Path Skew:        0.013ns (DCD - SCD - CPR)
    Destination Clock Delay (DCD):    1.210ns
    Source Clock Delay      (SCD):    0.912ns
    Clock Pessimism Removal (CPR):    0.285ns

    Location             Delay type                Incr(ns)  Path(ns)    Netlist Resource(s)
  -------------------------------------------------------------------    -------------------
                         (clock clk_fpga_0 rise edge)
                                                      0.000     0.000 r  
    PS7_X0Y0             PS7                          0.000     0.000 r  system_i/processing_system7_0/inst/PS7_i/FCLKCLK[0]
                         net (fo=1, routed)           0.310     0.310    system_i/processing_system7_0/inst/FCLK_CLK_unbuffered[0]
    BUFGCTRL_X0Y16       BUFG (Prop_bufg_I_O)         0.026     0.336 r  system_i/processing_system7_0/inst/buffer_fclk_clk_0.FCLK_CLK_0_BUFG/O
                         net (fo=854, routed)         0.576     0.912    system_i/tftlcd_0/inst/tftlcd_v1_0_S00_AXI_inst/s00_axi_aclk
    SLICE_X31Y96         FDRE                                         r  system_i/tftlcd_0/inst/tftlcd_v1_0_S00_AXI_inst/axi_rdata_reg[5]/C
  -------------------------------------------------------------------    -------------------
    SLICE_X31Y96         FDRE (Prop_fdre_C_Q)         0.128     1.040 r  system_i/tftlcd_0/inst/tftlcd_v1_0_S00_AXI_inst/axi_rdata_reg[5]/Q
                         net (fo=1, routed)           0.113     1.153    system_i/ps7_0_axi_periph/s00_couplers/auto_pc/inst/gen_axilite.gen_b2s_conv.axilite_b2s/RD.r_channel_0/rd_data_fifo_0/in[5]
    SLICE_X30Y96         SRLC32E                                      r  system_i/ps7_0_axi_periph/s00_couplers/auto_pc/inst/gen_axilite.gen_b2s_conv.axilite_b2s/RD.r_channel_0/rd_data_fifo_0/memory_reg[31][5]_srl32/D
  -------------------------------------------------------------------    -------------------

                         (clock clk_fpga_0 rise edge)
                                                      0.000     0.000 r  
    PS7_X0Y0             PS7                          0.000     0.000 r  system_i/processing_system7_0/inst/PS7_i/FCLKCLK[0]
                         net (fo=1, routed)           0.337     0.337    system_i/processing_system7_0/inst/FCLK_CLK_unbuffered[0]
    BUFGCTRL_X0Y16       BUFG (Prop_bufg_I_O)         0.029     0.366 r  system_i/processing_system7_0/inst/buffer_fclk_clk_0.FCLK_CLK_0_BUFG/O
                         net (fo=854, routed)         0.844     1.210    system_i/ps7_0_axi_periph/s00_couplers/auto_pc/inst/gen_axilite.gen_b2s_conv.axilite_b2s/RD.r_channel_0/rd_data_fifo_0/aclk
    SLICE_X30Y96         SRLC32E                                      r  system_i/ps7_0_axi_periph/s00_couplers/auto_pc/inst/gen_axilite.gen_b2s_conv.axilite_b2s/RD.r_channel_0/rd_data_fifo_0/memory_reg[31][5]_srl32/CLK
                         clock pessimism             -0.285     0.925    
    SLICE_X30Y96         SRLC32E (Hold_srlc32e_CLK_D)
                                                      0.130     1.055    system_i/ps7_0_axi_periph/s00_couplers/auto_pc/inst/gen_axilite.gen_b2s_conv.axilite_b2s/RD.r_channel_0/rd_data_fifo_0/memory_reg[31][5]_srl32
  -------------------------------------------------------------------
                         required time                         -1.055    
                         arrival time                           1.153    
  -------------------------------------------------------------------
                         slack                                  0.098    

Slack (MET) :             0.117ns  (arrival time - required time)
  Source:                 system_i/ps7_0_axi_periph/s00_couplers/auto_pc/inst/gen_axilite.gen_b2s_conv.axilite_b2s/SI_REG/aw.aw_pipe/s_ready_i_reg/C
                            (rising edge-triggered cell FDRE clocked by clk_fpga_0  {rise@0.000ns fall@10.000ns period=20.000ns})
  Destination:            system_i/ps7_0_axi_periph/s00_couplers/auto_pc/inst/gen_axilite.gen_b2s_conv.axilite_b2s/SI_REG/aw.aw_pipe/m_payload_i_reg[51]/D
                            (rising edge-triggered cell FDRE clocked by clk_fpga_0  {rise@0.000ns fall@10.000ns period=20.000ns})
  Path Group:             clk_fpga_0
  Path Type:              Hold (Min at Fast Process Corner)
  Requirement:            0.000ns  (clk_fpga_0 rise@0.000ns - clk_fpga_0 rise@0.000ns)
  Data Path Delay:        0.577ns  (logic 0.189ns (32.766%)  route 0.388ns (67.234%))
  Logic Levels:           1  (LUT3=1)
  Clock Path Skew:        0.353ns (DCD - SCD - CPR)
    Destination Clock Delay (DCD):    1.297ns
    Source Clock Delay      (SCD):    0.909ns
    Clock Pessimism Removal (CPR):    0.035ns

    Location             Delay type                Incr(ns)  Path(ns)    Netlist Resource(s)
  -------------------------------------------------------------------    -------------------
                         (clock clk_fpga_0 rise edge)
                                                      0.000     0.000 r  
    PS7_X0Y0             PS7                          0.000     0.000 r  system_i/processing_system7_0/inst/PS7_i/FCLKCLK[0]
                         net (fo=1, routed)           0.310     0.310    system_i/processing_system7_0/inst/FCLK_CLK_unbuffered[0]
    BUFGCTRL_X0Y16       BUFG (Prop_bufg_I_O)         0.026     0.336 r  system_i/processing_system7_0/inst/buffer_fclk_clk_0.FCLK_CLK_0_BUFG/O
                         net (fo=854, routed)         0.573     0.909    system_i/ps7_0_axi_periph/s00_couplers/auto_pc/inst/gen_axilite.gen_b2s_conv.axilite_b2s/SI_REG/aw.aw_pipe/aclk
    SLICE_X27Y95         FDRE                                         r  system_i/ps7_0_axi_periph/s00_couplers/auto_pc/inst/gen_axilite.gen_b2s_conv.axilite_b2s/SI_REG/aw.aw_pipe/s_ready_i_reg/C
  -------------------------------------------------------------------    -------------------
    SLICE_X27Y95         FDRE (Prop_fdre_C_Q)         0.141     1.050 r  system_i/ps7_0_axi_periph/s00_couplers/auto_pc/inst/gen_axilite.gen_b2s_conv.axilite_b2s/SI_REG/aw.aw_pipe/s_ready_i_reg/Q
                         net (fo=81, routed)          0.388     1.437    system_i/ps7_0_axi_periph/s00_couplers/auto_pc/inst/gen_axilite.gen_b2s_conv.axilite_b2s/SI_REG/aw.aw_pipe/s_ready_i_reg_0
    SLICE_X28Y101        LUT3 (Prop_lut3_I1_O)        0.048     1.485 r  system_i/ps7_0_axi_periph/s00_couplers/auto_pc/inst/gen_axilite.gen_b2s_conv.axilite_b2s/SI_REG/aw.aw_pipe/m_payload_i[51]_i_1/O
                         net (fo=1, routed)           0.000     1.485    system_i/ps7_0_axi_periph/s00_couplers/auto_pc/inst/gen_axilite.gen_b2s_conv.axilite_b2s/SI_REG/aw.aw_pipe/skid_buffer[51]
    SLICE_X28Y101        FDRE                                         r  system_i/ps7_0_axi_periph/s00_couplers/auto_pc/inst/gen_axilite.gen_b2s_conv.axilite_b2s/SI_REG/aw.aw_pipe/m_payload_i_reg[51]/D
  -------------------------------------------------------------------    -------------------

                         (clock clk_fpga_0 rise edge)
                                                      0.000     0.000 r  
    PS7_X0Y0             PS7                          0.000     0.000 r  system_i/processing_system7_0/inst/PS7_i/FCLKCLK[0]
                         net (fo=1, routed)           0.337     0.337    system_i/processing_system7_0/inst/FCLK_CLK_unbuffered[0]
    BUFGCTRL_X0Y16       BUFG (Prop_bufg_I_O)         0.029     0.366 r  system_i/processing_system7_0/inst/buffer_fclk_clk_0.FCLK_CLK_0_BUFG/O
                         net (fo=854, routed)         0.931     1.297    system_i/ps7_0_axi_periph/s00_couplers/auto_pc/inst/gen_axilite.gen_b2s_conv.axilite_b2s/SI_REG/aw.aw_pipe/aclk
    SLICE_X28Y101        FDRE                                         r  system_i/ps7_0_axi_periph/s00_couplers/auto_pc/inst/gen_axilite.gen_b2s_conv.axilite_b2s/SI_REG/aw.aw_pipe/m_payload_i_reg[51]/C
                         clock pessimism             -0.035     1.262    
    SLICE_X28Y101        FDRE (Hold_fdre_C_D)         0.107     1.369    system_i/ps7_0_axi_periph/s00_couplers/auto_pc/inst/gen_axilite.gen_b2s_conv.axilite_b2s/SI_REG/aw.aw_pipe/m_payload_i_reg[51]
  -------------------------------------------------------------------
                         required time                         -1.369    
                         arrival time                           1.485    
  -------------------------------------------------------------------
                         slack                                  0.117    

Slack (MET) :             0.118ns  (arrival time - required time)
  Source:                 system_i/rst_ps7_0_50M/U0/EXT_LPF/AUX_LPF[1].asr_lpf_reg[1]/C
                            (rising edge-triggered cell FDRE clocked by clk_fpga_0  {rise@0.000ns fall@10.000ns period=20.000ns})
  Destination:            system_i/rst_ps7_0_50M/U0/EXT_LPF/lpf_asr_reg/D
                            (rising edge-triggered cell FDRE clocked by clk_fpga_0  {rise@0.000ns fall@10.000ns period=20.000ns})
  Path Group:             clk_fpga_0
  Path Type:              Hold (Min at Fast Process Corner)
  Requirement:            0.000ns  (clk_fpga_0 rise@0.000ns - clk_fpga_0 rise@0.000ns)
  Data Path Delay:        0.252ns  (logic 0.186ns (73.721%)  route 0.066ns (26.279%))
  Logic Levels:           1  (LUT5=1)
  Clock Path Skew:        0.013ns (DCD - SCD - CPR)
    Destination Clock Delay (DCD):    1.278ns
    Source Clock Delay      (SCD):    0.977ns
    Clock Pessimism Removal (CPR):    0.288ns

    Location             Delay type                Incr(ns)  Path(ns)    Netlist Resource(s)
  -------------------------------------------------------------------    -------------------
                         (clock clk_fpga_0 rise edge)
                                                      0.000     0.000 r  
    PS7_X0Y0             PS7                          0.000     0.000 r  system_i/processing_system7_0/inst/PS7_i/FCLKCLK[0]
                         net (fo=1, routed)           0.310     0.310    system_i/processing_system7_0/inst/FCLK_CLK_unbuffered[0]
    BUFGCTRL_X0Y16       BUFG (Prop_bufg_I_O)         0.026     0.336 r  system_i/processing_system7_0/inst/buffer_fclk_clk_0.FCLK_CLK_0_BUFG/O
                         net (fo=854, routed)         0.641     0.977    system_i/rst_ps7_0_50M/U0/EXT_LPF/slowest_sync_clk
    SLICE_X33Y102        FDRE                                         r  system_i/rst_ps7_0_50M/U0/EXT_LPF/AUX_LPF[1].asr_lpf_reg[1]/C
  -------------------------------------------------------------------    -------------------
    SLICE_X33Y102        FDRE (Prop_fdre_C_Q)         0.141     1.118 r  system_i/rst_ps7_0_50M/U0/EXT_LPF/AUX_LPF[1].asr_lpf_reg[1]/Q
                         net (fo=2, routed)           0.066     1.184    system_i/rst_ps7_0_50M/U0/EXT_LPF/ACTIVE_LOW_AUX.ACT_LO_AUX/p_2_in
    SLICE_X32Y102        LUT5 (Prop_lut5_I2_O)        0.045     1.229 r  system_i/rst_ps7_0_50M/U0/EXT_LPF/ACTIVE_LOW_AUX.ACT_LO_AUX/lpf_asr_i_1/O
                         net (fo=1, routed)           0.000     1.229    system_i/rst_ps7_0_50M/U0/EXT_LPF/ACTIVE_LOW_AUX.ACT_LO_AUX_n_0
    SLICE_X32Y102        FDRE                                         r  system_i/rst_ps7_0_50M/U0/EXT_LPF/lpf_asr_reg/D
  -------------------------------------------------------------------    -------------------

                         (clock clk_fpga_0 rise edge)
                                                      0.000     0.000 r  
    PS7_X0Y0             PS7                          0.000     0.000 r  system_i/processing_system7_0/inst/PS7_i/FCLKCLK[0]
                         net (fo=1, routed)           0.337     0.337    system_i/processing_system7_0/inst/FCLK_CLK_unbuffered[0]
    BUFGCTRL_X0Y16       BUFG (Prop_bufg_I_O)         0.029     0.366 r  system_i/processing_system7_0/inst/buffer_fclk_clk_0.FCLK_CLK_0_BUFG/O
                         net (fo=854, routed)         0.912     1.278    system_i/rst_ps7_0_50M/U0/EXT_LPF/slowest_sync_clk
    SLICE_X32Y102        FDRE                                         r  system_i/rst_ps7_0_50M/U0/EXT_LPF/lpf_asr_reg/C
                         clock pessimism             -0.288     0.990    
    SLICE_X32Y102        FDRE (Hold_fdre_C_D)         0.121     1.111    system_i/rst_ps7_0_50M/U0/EXT_LPF/lpf_asr_reg
  -------------------------------------------------------------------
                         required time                         -1.111    
                         arrival time                           1.229    
  -------------------------------------------------------------------
                         slack                                  0.118    

Slack (MET) :             0.119ns  (arrival time - required time)
  Source:                 system_i/ps7_0_axi_periph/s00_couplers/auto_pc/inst/gen_axilite.gen_b2s_conv.axilite_b2s/RD.ar_channel_0/s_arid_r_reg[8]/C
                            (rising edge-triggered cell FDRE clocked by clk_fpga_0  {rise@0.000ns fall@10.000ns period=20.000ns})
  Destination:            system_i/ps7_0_axi_periph/s00_couplers/auto_pc/inst/gen_axilite.gen_b2s_conv.axilite_b2s/RD.r_channel_0/r_arid_r_reg[8]/D
                            (rising edge-triggered cell FDRE clocked by clk_fpga_0  {rise@0.000ns fall@10.000ns period=20.000ns})
  Path Group:             clk_fpga_0
  Path Type:              Hold (Min at Fast Process Corner)
  Requirement:            0.000ns  (clk_fpga_0 rise@0.000ns - clk_fpga_0 rise@0.000ns)
  Data Path Delay:        0.197ns  (logic 0.141ns (71.611%)  route 0.056ns (28.389%))
  Logic Levels:           0  
  Clock Path Skew:        0.000ns (DCD - SCD - CPR)
    Destination Clock Delay (DCD):    1.205ns
    Source Clock Delay      (SCD):    0.906ns
    Clock Pessimism Removal (CPR):    0.299ns

    Location             Delay type                Incr(ns)  Path(ns)    Netlist Resource(s)
  -------------------------------------------------------------------    -------------------
                         (clock clk_fpga_0 rise edge)
                                                      0.000     0.000 r  
    PS7_X0Y0             PS7                          0.000     0.000 r  system_i/processing_system7_0/inst/PS7_i/FCLKCLK[0]
                         net (fo=1, routed)           0.310     0.310    system_i/processing_system7_0/inst/FCLK_CLK_unbuffered[0]
    BUFGCTRL_X0Y16       BUFG (Prop_bufg_I_O)         0.026     0.336 r  system_i/processing_system7_0/inst/buffer_fclk_clk_0.FCLK_CLK_0_BUFG/O
                         net (fo=854, routed)         0.570     0.906    system_i/ps7_0_axi_periph/s00_couplers/auto_pc/inst/gen_axilite.gen_b2s_conv.axilite_b2s/RD.ar_channel_0/aclk
    SLICE_X27Y87         FDRE                                         r  system_i/ps7_0_axi_periph/s00_couplers/auto_pc/inst/gen_axilite.gen_b2s_conv.axilite_b2s/RD.ar_channel_0/s_arid_r_reg[8]/C
  -------------------------------------------------------------------    -------------------
    SLICE_X27Y87         FDRE (Prop_fdre_C_Q)         0.141     1.047 r  system_i/ps7_0_axi_periph/s00_couplers/auto_pc/inst/gen_axilite.gen_b2s_conv.axilite_b2s/RD.ar_channel_0/s_arid_r_reg[8]/Q
                         net (fo=1, routed)           0.056     1.102    system_i/ps7_0_axi_periph/s00_couplers/auto_pc/inst/gen_axilite.gen_b2s_conv.axilite_b2s/RD.r_channel_0/D[8]
    SLICE_X27Y87         FDRE                                         r  system_i/ps7_0_axi_periph/s00_couplers/auto_pc/inst/gen_axilite.gen_b2s_conv.axilite_b2s/RD.r_channel_0/r_arid_r_reg[8]/D
  -------------------------------------------------------------------    -------------------

                         (clock clk_fpga_0 rise edge)
                                                      0.000     0.000 r  
    PS7_X0Y0             PS7                          0.000     0.000 r  system_i/processing_system7_0/inst/PS7_i/FCLKCLK[0]
                         net (fo=1, routed)           0.337     0.337    system_i/processing_system7_0/inst/FCLK_CLK_unbuffered[0]
    BUFGCTRL_X0Y16       BUFG (Prop_bufg_I_O)         0.029     0.366 r  system_i/processing_system7_0/inst/buffer_fclk_clk_0.FCLK_CLK_0_BUFG/O
                         net (fo=854, routed)         0.839     1.205    system_i/ps7_0_axi_periph/s00_couplers/auto_pc/inst/gen_axilite.gen_b2s_conv.axilite_b2s/RD.r_channel_0/aclk
    SLICE_X27Y87         FDRE                                         r  system_i/ps7_0_axi_periph/s00_couplers/auto_pc/inst/gen_axilite.gen_b2s_conv.axilite_b2s/RD.r_channel_0/r_arid_r_reg[8]/C
                         clock pessimism             -0.299     0.906    
    SLICE_X27Y87         FDRE (Hold_fdre_C_D)         0.078     0.984    system_i/ps7_0_axi_periph/s00_couplers/auto_pc/inst/gen_axilite.gen_b2s_conv.axilite_b2s/RD.r_channel_0/r_arid_r_reg[8]
  -------------------------------------------------------------------
                         required time                         -0.984    
                         arrival time                           1.102    
  -------------------------------------------------------------------
                         slack                                  0.119    

Slack (MET) :             0.121ns  (arrival time - required time)
  Source:                 system_i/ps7_0_axi_periph/s00_couplers/auto_pc/inst/gen_axilite.gen_b2s_conv.axilite_b2s/RD.ar_channel_0/s_arid_r_reg[5]/C
                            (rising edge-triggered cell FDRE clocked by clk_fpga_0  {rise@0.000ns fall@10.000ns period=20.000ns})
  Destination:            system_i/ps7_0_axi_periph/s00_couplers/auto_pc/inst/gen_axilite.gen_b2s_conv.axilite_b2s/RD.r_channel_0/r_arid_r_reg[5]/D
                            (rising edge-triggered cell FDRE clocked by clk_fpga_0  {rise@0.000ns fall@10.000ns period=20.000ns})
  Path Group:             clk_fpga_0
  Path Type:              Hold (Min at Fast Process Corner)
  Requirement:            0.000ns  (clk_fpga_0 rise@0.000ns - clk_fpga_0 rise@0.000ns)
  Data Path Delay:        0.197ns  (logic 0.141ns (71.611%)  route 0.056ns (28.389%))
  Logic Levels:           0  
  Clock Path Skew:        0.000ns (DCD - SCD - CPR)
    Destination Clock Delay (DCD):    1.205ns
    Source Clock Delay      (SCD):    0.906ns
    Clock Pessimism Removal (CPR):    0.299ns

    Location             Delay type                Incr(ns)  Path(ns)    Netlist Resource(s)
  -------------------------------------------------------------------    -------------------
                         (clock clk_fpga_0 rise edge)
                                                      0.000     0.000 r  
    PS7_X0Y0             PS7                          0.000     0.000 r  system_i/processing_system7_0/inst/PS7_i/FCLKCLK[0]
                         net (fo=1, routed)           0.310     0.310    system_i/processing_system7_0/inst/FCLK_CLK_unbuffered[0]
    BUFGCTRL_X0Y16       BUFG (Prop_bufg_I_O)         0.026     0.336 r  system_i/processing_system7_0/inst/buffer_fclk_clk_0.FCLK_CLK_0_BUFG/O
                         net (fo=854, routed)         0.570     0.906    system_i/ps7_0_axi_periph/s00_couplers/auto_pc/inst/gen_axilite.gen_b2s_conv.axilite_b2s/RD.ar_channel_0/aclk
    SLICE_X27Y87         FDRE                                         r  system_i/ps7_0_axi_periph/s00_couplers/auto_pc/inst/gen_axilite.gen_b2s_conv.axilite_b2s/RD.ar_channel_0/s_arid_r_reg[5]/C
  -------------------------------------------------------------------    -------------------
    SLICE_X27Y87         FDRE (Prop_fdre_C_Q)         0.141     1.047 r  system_i/ps7_0_axi_periph/s00_couplers/auto_pc/inst/gen_axilite.gen_b2s_conv.axilite_b2s/RD.ar_channel_0/s_arid_r_reg[5]/Q
                         net (fo=1, routed)           0.056     1.102    system_i/ps7_0_axi_periph/s00_couplers/auto_pc/inst/gen_axilite.gen_b2s_conv.axilite_b2s/RD.r_channel_0/D[5]
    SLICE_X27Y87         FDRE                                         r  system_i/ps7_0_axi_periph/s00_couplers/auto_pc/inst/gen_axilite.gen_b2s_conv.axilite_b2s/RD.r_channel_0/r_arid_r_reg[5]/D
  -------------------------------------------------------------------    -------------------

                         (clock clk_fpga_0 rise edge)
                                                      0.000     0.000 r  
    PS7_X0Y0             PS7                          0.000     0.000 r  system_i/processing_system7_0/inst/PS7_i/FCLKCLK[0]
                         net (fo=1, routed)           0.337     0.337    system_i/processing_system7_0/inst/FCLK_CLK_unbuffered[0]
    BUFGCTRL_X0Y16       BUFG (Prop_bufg_I_O)         0.029     0.366 r  system_i/processing_system7_0/inst/buffer_fclk_clk_0.FCLK_CLK_0_BUFG/O
                         net (fo=854, routed)         0.839     1.205    system_i/ps7_0_axi_periph/s00_couplers/auto_pc/inst/gen_axilite.gen_b2s_conv.axilite_b2s/RD.r_channel_0/aclk
    SLICE_X27Y87         FDRE                                         r  system_i/ps7_0_axi_periph/s00_couplers/auto_pc/inst/gen_axilite.gen_b2s_conv.axilite_b2s/RD.r_channel_0/r_arid_r_reg[5]/C
                         clock pessimism             -0.299     0.906    
    SLICE_X27Y87         FDRE (Hold_fdre_C_D)         0.076     0.982    system_i/ps7_0_axi_periph/s00_couplers/auto_pc/inst/gen_axilite.gen_b2s_conv.axilite_b2s/RD.r_channel_0/r_arid_r_reg[5]
  -------------------------------------------------------------------
                         required time                         -0.982    
                         arrival time                           1.102    
  -------------------------------------------------------------------
                         slack                                  0.121    

Slack (MET) :             0.122ns  (arrival time - required time)
  Source:                 system_i/ps7_0_axi_periph/s00_couplers/auto_pc/inst/gen_axilite.gen_b2s_conv.axilite_b2s/RD.ar_channel_0/s_arid_r_reg[3]/C
                            (rising edge-triggered cell FDRE clocked by clk_fpga_0  {rise@0.000ns fall@10.000ns period=20.000ns})
  Destination:            system_i/ps7_0_axi_periph/s00_couplers/auto_pc/inst/gen_axilite.gen_b2s_conv.axilite_b2s/RD.r_channel_0/r_arid_r_reg[3]/D
                            (rising edge-triggered cell FDRE clocked by clk_fpga_0  {rise@0.000ns fall@10.000ns period=20.000ns})
  Path Group:             clk_fpga_0
  Path Type:              Hold (Min at Fast Process Corner)
  Requirement:            0.000ns  (clk_fpga_0 rise@0.000ns - clk_fpga_0 rise@0.000ns)
  Data Path Delay:        0.197ns  (logic 0.141ns (71.611%)  route 0.056ns (28.389%))
  Logic Levels:           0  
  Clock Path Skew:        0.000ns (DCD - SCD - CPR)
    Destination Clock Delay (DCD):    1.205ns
    Source Clock Delay      (SCD):    0.906ns
    Clock Pessimism Removal (CPR):    0.299ns

    Location             Delay type                Incr(ns)  Path(ns)    Netlist Resource(s)
  -------------------------------------------------------------------    -------------------
                         (clock clk_fpga_0 rise edge)
                                                      0.000     0.000 r  
    PS7_X0Y0             PS7                          0.000     0.000 r  system_i/processing_system7_0/inst/PS7_i/FCLKCLK[0]
                         net (fo=1, routed)           0.310     0.310    system_i/processing_system7_0/inst/FCLK_CLK_unbuffered[0]
    BUFGCTRL_X0Y16       BUFG (Prop_bufg_I_O)         0.026     0.336 r  system_i/processing_system7_0/inst/buffer_fclk_clk_0.FCLK_CLK_0_BUFG/O
                         net (fo=854, routed)         0.570     0.906    system_i/ps7_0_axi_periph/s00_couplers/auto_pc/inst/gen_axilite.gen_b2s_conv.axilite_b2s/RD.ar_channel_0/aclk
    SLICE_X27Y87         FDRE                                         r  system_i/ps7_0_axi_periph/s00_couplers/auto_pc/inst/gen_axilite.gen_b2s_conv.axilite_b2s/RD.ar_channel_0/s_arid_r_reg[3]/C
  -------------------------------------------------------------------    -------------------
    SLICE_X27Y87         FDRE (Prop_fdre_C_Q)         0.141     1.047 r  system_i/ps7_0_axi_periph/s00_couplers/auto_pc/inst/gen_axilite.gen_b2s_conv.axilite_b2s/RD.ar_channel_0/s_arid_r_reg[3]/Q
                         net (fo=1, routed)           0.056     1.102    system_i/ps7_0_axi_periph/s00_couplers/auto_pc/inst/gen_axilite.gen_b2s_conv.axilite_b2s/RD.r_channel_0/D[3]
    SLICE_X27Y87         FDRE                                         r  system_i/ps7_0_axi_periph/s00_couplers/auto_pc/inst/gen_axilite.gen_b2s_conv.axilite_b2s/RD.r_channel_0/r_arid_r_reg[3]/D
  -------------------------------------------------------------------    -------------------

                         (clock clk_fpga_0 rise edge)
                                                      0.000     0.000 r  
    PS7_X0Y0             PS7                          0.000     0.000 r  system_i/processing_system7_0/inst/PS7_i/FCLKCLK[0]
                         net (fo=1, routed)           0.337     0.337    system_i/processing_system7_0/inst/FCLK_CLK_unbuffered[0]
    BUFGCTRL_X0Y16       BUFG (Prop_bufg_I_O)         0.029     0.366 r  system_i/processing_system7_0/inst/buffer_fclk_clk_0.FCLK_CLK_0_BUFG/O
                         net (fo=854, routed)         0.839     1.205    system_i/ps7_0_axi_periph/s00_couplers/auto_pc/inst/gen_axilite.gen_b2s_conv.axilite_b2s/RD.r_channel_0/aclk
    SLICE_X27Y87         FDRE                                         r  system_i/ps7_0_axi_periph/s00_couplers/auto_pc/inst/gen_axilite.gen_b2s_conv.axilite_b2s/RD.r_channel_0/r_arid_r_reg[3]/C
                         clock pessimism             -0.299     0.906    
    SLICE_X27Y87         FDRE (Hold_fdre_C_D)         0.075     0.981    system_i/ps7_0_axi_periph/s00_couplers/auto_pc/inst/gen_axilite.gen_b2s_conv.axilite_b2s/RD.r_channel_0/r_arid_r_reg[3]
  -------------------------------------------------------------------
                         required time                         -0.981    
                         arrival time                           1.102    
  -------------------------------------------------------------------
                         slack                                  0.122    

Slack (MET) :             0.126ns  (arrival time - required time)
  Source:                 system_i/ps7_0_axi_periph/s00_couplers/auto_pc/inst/gen_axilite.gen_b2s_conv.axilite_b2s/RD.ar_channel_0/s_arid_r_reg[4]/C
                            (rising edge-triggered cell FDRE clocked by clk_fpga_0  {rise@0.000ns fall@10.000ns period=20.000ns})
  Destination:            system_i/ps7_0_axi_periph/s00_couplers/auto_pc/inst/gen_axilite.gen_b2s_conv.axilite_b2s/RD.r_channel_0/r_arid_r_reg[4]/D
                            (rising edge-triggered cell FDRE clocked by clk_fpga_0  {rise@0.000ns fall@10.000ns period=20.000ns})
  Path Group:             clk_fpga_0
  Path Type:              Hold (Min at Fast Process Corner)
  Requirement:            0.000ns  (clk_fpga_0 rise@0.000ns - clk_fpga_0 rise@0.000ns)
  Data Path Delay:        0.197ns  (logic 0.141ns (71.611%)  route 0.056ns (28.389%))
  Logic Levels:           0  
  Clock Path Skew:        0.000ns (DCD - SCD - CPR)
    Destination Clock Delay (DCD):    1.205ns
    Source Clock Delay      (SCD):    0.906ns
    Clock Pessimism Removal (CPR):    0.299ns

    Location             Delay type                Incr(ns)  Path(ns)    Netlist Resource(s)
  -------------------------------------------------------------------    -------------------
                         (clock clk_fpga_0 rise edge)
                                                      0.000     0.000 r  
    PS7_X0Y0             PS7                          0.000     0.000 r  system_i/processing_system7_0/inst/PS7_i/FCLKCLK[0]
                         net (fo=1, routed)           0.310     0.310    system_i/processing_system7_0/inst/FCLK_CLK_unbuffered[0]
    BUFGCTRL_X0Y16       BUFG (Prop_bufg_I_O)         0.026     0.336 r  system_i/processing_system7_0/inst/buffer_fclk_clk_0.FCLK_CLK_0_BUFG/O
                         net (fo=854, routed)         0.570     0.906    system_i/ps7_0_axi_periph/s00_couplers/auto_pc/inst/gen_axilite.gen_b2s_conv.axilite_b2s/RD.ar_channel_0/aclk
    SLICE_X27Y87         FDRE                                         r  system_i/ps7_0_axi_periph/s00_couplers/auto_pc/inst/gen_axilite.gen_b2s_conv.axilite_b2s/RD.ar_channel_0/s_arid_r_reg[4]/C
  -------------------------------------------------------------------    -------------------
    SLICE_X27Y87         FDRE (Prop_fdre_C_Q)         0.141     1.047 r  system_i/ps7_0_axi_periph/s00_couplers/auto_pc/inst/gen_axilite.gen_b2s_conv.axilite_b2s/RD.ar_channel_0/s_arid_r_reg[4]/Q
                         net (fo=1, routed)           0.056     1.102    system_i/ps7_0_axi_periph/s00_couplers/auto_pc/inst/gen_axilite.gen_b2s_conv.axilite_b2s/RD.r_channel_0/D[4]
    SLICE_X27Y87         FDRE                                         r  system_i/ps7_0_axi_periph/s00_couplers/auto_pc/inst/gen_axilite.gen_b2s_conv.axilite_b2s/RD.r_channel_0/r_arid_r_reg[4]/D
  -------------------------------------------------------------------    -------------------

                         (clock clk_fpga_0 rise edge)
                                                      0.000     0.000 r  
    PS7_X0Y0             PS7                          0.000     0.000 r  system_i/processing_system7_0/inst/PS7_i/FCLKCLK[0]
                         net (fo=1, routed)           0.337     0.337    system_i/processing_system7_0/inst/FCLK_CLK_unbuffered[0]
    BUFGCTRL_X0Y16       BUFG (Prop_bufg_I_O)         0.029     0.366 r  system_i/processing_system7_0/inst/buffer_fclk_clk_0.FCLK_CLK_0_BUFG/O
                         net (fo=854, routed)         0.839     1.205    system_i/ps7_0_axi_periph/s00_couplers/auto_pc/inst/gen_axilite.gen_b2s_conv.axilite_b2s/RD.r_channel_0/aclk
    SLICE_X27Y87         FDRE                                         r  system_i/ps7_0_axi_periph/s00_couplers/auto_pc/inst/gen_axilite.gen_b2s_conv.axilite_b2s/RD.r_channel_0/r_arid_r_reg[4]/C
                         clock pessimism             -0.299     0.906    
    SLICE_X27Y87         FDRE (Hold_fdre_C_D)         0.071     0.977    system_i/ps7_0_axi_periph/s00_couplers/auto_pc/inst/gen_axilite.gen_b2s_conv.axilite_b2s/RD.r_channel_0/r_arid_r_reg[4]
  -------------------------------------------------------------------
                         required time                         -0.977    
                         arrival time                           1.102    
  -------------------------------------------------------------------
                         slack                                  0.126    





Pulse Width Checks
--------------------------------------------------------------------------------------
Clock Name:         clk_fpga_0
Waveform(ns):       { 0.000 10.000 }
Period(ns):         20.000
Sources:            { system_i/processing_system7_0/inst/PS7_i/FCLKCLK[0] }

Check Type        Corner  Lib Pin             Reference Pin  Required(ns)  Actual(ns)  Slack(ns)  Location      Pin
Min Period        n/a     RAMB36E1/CLKARDCLK  n/a            2.892         20.000      17.108     RAMB36_X0Y8   system_i/tftlcd_0/inst/tftlcd_v1_0_S00_AXI_inst/MEM_U0/U0/inst_blk_mem_gen/gnbram.gnativebmg.native_blk_mem_gen/valid.cstr/ramloop[34].ram.r/prim_noinit.ram/DEVICE_7SERIES.NO_BMM_INFO.SDP.CASCADED_PRIM36.ram_B/CLKARDCLK
Min Period        n/a     RAMB36E1/CLKARDCLK  n/a            2.892         20.000      17.108     RAMB36_X1Y7   system_i/tftlcd_0/inst/tftlcd_v1_0_S00_AXI_inst/MEM_U0/U0/inst_blk_mem_gen/gnbram.gnativebmg.native_blk_mem_gen/valid.cstr/ramloop[36].ram.r/prim_noinit.ram/DEVICE_7SERIES.NO_BMM_INFO.SDP.CASCADED_PRIM36.ram_T/CLKARDCLK
Min Period        n/a     RAMB36E1/CLKARDCLK  n/a            2.892         20.000      17.108     RAMB36_X3Y12  system_i/tftlcd_0/inst/tftlcd_v1_0_S00_AXI_inst/MEM_U0/U0/inst_blk_mem_gen/gnbram.gnativebmg.native_blk_mem_gen/valid.cstr/ramloop[39].ram.r/prim_noinit.ram/DEVICE_7SERIES.NO_BMM_INFO.SDP.CASCADED_PRIM36.ram_B/CLKARDCLK
Min Period        n/a     RAMB36E1/CLKARDCLK  n/a            2.892         20.000      17.108     RAMB36_X2Y14  system_i/tftlcd_0/inst/tftlcd_v1_0_S00_AXI_inst/MEM_U0/U0/inst_blk_mem_gen/gnbram.gnativebmg.native_blk_mem_gen/valid.cstr/ramloop[41].ram.r/prim_noinit.ram/DEVICE_7SERIES.NO_BMM_INFO.SDP.CASCADED_PRIM36.ram_B/CLKARDCLK
Min Period        n/a     RAMB36E1/CLKARDCLK  n/a            2.892         20.000      17.108     RAMB36_X4Y6   system_i/tftlcd_0/inst/tftlcd_v1_0_S00_AXI_inst/MEM_U0/U0/inst_blk_mem_gen/gnbram.gnativebmg.native_blk_mem_gen/valid.cstr/ramloop[43].ram.r/prim_noinit.ram/DEVICE_7SERIES.NO_BMM_INFO.SDP.CASCADED_PRIM36.ram_T/CLKARDCLK
Min Period        n/a     RAMB36E1/CLKARDCLK  n/a            2.892         20.000      17.108     RAMB36_X2Y6   system_i/tftlcd_0/inst/tftlcd_v1_0_S00_AXI_inst/MEM_U0/U0/inst_blk_mem_gen/gnbram.gnativebmg.native_blk_mem_gen/valid.cstr/ramloop[32].ram.r/prim_noinit.ram/DEVICE_7SERIES.NO_BMM_INFO.SDP.CASCADED_PRIM36.ram_B/CLKARDCLK
Min Period        n/a     RAMB36E1/CLKARDCLK  n/a            2.892         20.000      17.108     RAMB36_X0Y9   system_i/tftlcd_0/inst/tftlcd_v1_0_S00_AXI_inst/MEM_U0/U0/inst_blk_mem_gen/gnbram.gnativebmg.native_blk_mem_gen/valid.cstr/ramloop[34].ram.r/prim_noinit.ram/DEVICE_7SERIES.NO_BMM_INFO.SDP.CASCADED_PRIM36.ram_T/CLKARDCLK
Min Period        n/a     RAMB36E1/CLKARDCLK  n/a            2.892         20.000      17.108     RAMB36_X2Y4   system_i/tftlcd_0/inst/tftlcd_v1_0_S00_AXI_inst/MEM_U0/U0/inst_blk_mem_gen/gnbram.gnativebmg.native_blk_mem_gen/valid.cstr/ramloop[37].ram.r/prim_noinit.ram/DEVICE_7SERIES.NO_BMM_INFO.SDP.CASCADED_PRIM36.ram_B/CLKARDCLK
Min Period        n/a     RAMB36E1/CLKARDCLK  n/a            2.892         20.000      17.108     RAMB36_X3Y13  system_i/tftlcd_0/inst/tftlcd_v1_0_S00_AXI_inst/MEM_U0/U0/inst_blk_mem_gen/gnbram.gnativebmg.native_blk_mem_gen/valid.cstr/ramloop[39].ram.r/prim_noinit.ram/DEVICE_7SERIES.NO_BMM_INFO.SDP.CASCADED_PRIM36.ram_T/CLKARDCLK
Min Period        n/a     RAMB36E1/CLKARDCLK  n/a            2.892         20.000      17.108     RAMB36_X2Y15  system_i/tftlcd_0/inst/tftlcd_v1_0_S00_AXI_inst/MEM_U0/U0/inst_blk_mem_gen/gnbram.gnativebmg.native_blk_mem_gen/valid.cstr/ramloop[41].ram.r/prim_noinit.ram/DEVICE_7SERIES.NO_BMM_INFO.SDP.CASCADED_PRIM36.ram_T/CLKARDCLK
Low Pulse Width   Slow    SRLC32E/CLK         n/a            0.980         10.000      9.020      SLICE_X30Y92  system_i/ps7_0_axi_periph/s00_couplers/auto_pc/inst/gen_axilite.gen_b2s_conv.axilite_b2s/RD.r_channel_0/rd_data_fifo_0/memory_reg[31][0]_srl32/CLK
Low Pulse Width   Fast    SRLC32E/CLK         n/a            0.980         10.000      9.020      SLICE_X30Y92  system_i/ps7_0_axi_periph/s00_couplers/auto_pc/inst/gen_axilite.gen_b2s_conv.axilite_b2s/RD.r_channel_0/rd_data_fifo_0/memory_reg[31][0]_srl32/CLK
Low Pulse Width   Slow    SRLC32E/CLK         n/a            0.980         10.000      9.020      SLICE_X26Y91  system_i/ps7_0_axi_periph/s00_couplers/auto_pc/inst/gen_axilite.gen_b2s_conv.axilite_b2s/RD.r_channel_0/rd_data_fifo_0/memory_reg[31][10]_srl32/CLK
Low Pulse Width   Fast    SRLC32E/CLK         n/a            0.980         10.000      9.020      SLICE_X26Y91  system_i/ps7_0_axi_periph/s00_couplers/auto_pc/inst/gen_axilite.gen_b2s_conv.axilite_b2s/RD.r_channel_0/rd_data_fifo_0/memory_reg[31][10]_srl32/CLK
Low Pulse Width   Slow    SRLC32E/CLK         n/a            0.980         10.000      9.020      SLICE_X26Y91  system_i/ps7_0_axi_periph/s00_couplers/auto_pc/inst/gen_axilite.gen_b2s_conv.axilite_b2s/RD.r_channel_0/rd_data_fifo_0/memory_reg[31][11]_srl32/CLK
Low Pulse Width   Fast    SRLC32E/CLK         n/a            0.980         10.000      9.020      SLICE_X26Y91  system_i/ps7_0_axi_periph/s00_couplers/auto_pc/inst/gen_axilite.gen_b2s_conv.axilite_b2s/RD.r_channel_0/rd_data_fifo_0/memory_reg[31][11]_srl32/CLK
Low Pulse Width   Slow    SRLC32E/CLK         n/a            0.980         10.000      9.020      SLICE_X26Y94  system_i/ps7_0_axi_periph/s00_couplers/auto_pc/inst/gen_axilite.gen_b2s_conv.axilite_b2s/RD.r_channel_0/rd_data_fifo_0/memory_reg[31][12]_srl32/CLK
Low Pulse Width   Fast    SRLC32E/CLK         n/a            0.980         10.000      9.020      SLICE_X26Y94  system_i/ps7_0_axi_periph/s00_couplers/auto_pc/inst/gen_axilite.gen_b2s_conv.axilite_b2s/RD.r_channel_0/rd_data_fifo_0/memory_reg[31][12]_srl32/CLK
Low Pulse Width   Slow    SRLC32E/CLK         n/a            0.980         10.000      9.020      SLICE_X30Y91  system_i/ps7_0_axi_periph/s00_couplers/auto_pc/inst/gen_axilite.gen_b2s_conv.axilite_b2s/RD.r_channel_0/rd_data_fifo_0/memory_reg[31][13]_srl32/CLK
Low Pulse Width   Fast    SRLC32E/CLK         n/a            0.980         10.000      9.020      SLICE_X30Y91  system_i/ps7_0_axi_periph/s00_couplers/auto_pc/inst/gen_axilite.gen_b2s_conv.axilite_b2s/RD.r_channel_0/rd_data_fifo_0/memory_reg[31][13]_srl32/CLK
High Pulse Width  Fast    SRLC32E/CLK         n/a            0.980         10.000      9.020      SLICE_X30Y92  system_i/ps7_0_axi_periph/s00_couplers/auto_pc/inst/gen_axilite.gen_b2s_conv.axilite_b2s/RD.r_channel_0/rd_data_fifo_0/memory_reg[31][0]_srl32/CLK
High Pulse Width  Slow    SRLC32E/CLK         n/a            0.980         10.000      9.020      SLICE_X26Y91  system_i/ps7_0_axi_periph/s00_couplers/auto_pc/inst/gen_axilite.gen_b2s_conv.axilite_b2s/RD.r_channel_0/rd_data_fifo_0/memory_reg[31][10]_srl32/CLK
High Pulse Width  Fast    SRLC32E/CLK         n/a            0.980         10.000      9.020      SLICE_X26Y91  system_i/ps7_0_axi_periph/s00_couplers/auto_pc/inst/gen_axilite.gen_b2s_conv.axilite_b2s/RD.r_channel_0/rd_data_fifo_0/memory_reg[31][10]_srl32/CLK
High Pulse Width  Slow    SRLC32E/CLK         n/a            0.980         10.000      9.020      SLICE_X26Y91  system_i/ps7_0_axi_periph/s00_couplers/auto_pc/inst/gen_axilite.gen_b2s_conv.axilite_b2s/RD.r_channel_0/rd_data_fifo_0/memory_reg[31][11]_srl32/CLK
High Pulse Width  Fast    SRLC32E/CLK         n/a            0.980         10.000      9.020      SLICE_X26Y91  system_i/ps7_0_axi_periph/s00_couplers/auto_pc/inst/gen_axilite.gen_b2s_conv.axilite_b2s/RD.r_channel_0/rd_data_fifo_0/memory_reg[31][11]_srl32/CLK
High Pulse Width  Slow    SRLC32E/CLK         n/a            0.980         10.000      9.020      SLICE_X26Y94  system_i/ps7_0_axi_periph/s00_couplers/auto_pc/inst/gen_axilite.gen_b2s_conv.axilite_b2s/RD.r_channel_0/rd_data_fifo_0/memory_reg[31][12]_srl32/CLK
High Pulse Width  Fast    SRLC32E/CLK         n/a            0.980         10.000      9.020      SLICE_X26Y94  system_i/ps7_0_axi_periph/s00_couplers/auto_pc/inst/gen_axilite.gen_b2s_conv.axilite_b2s/RD.r_channel_0/rd_data_fifo_0/memory_reg[31][12]_srl32/CLK
High Pulse Width  Fast    SRLC32E/CLK         n/a            0.980         10.000      9.020      SLICE_X30Y91  system_i/ps7_0_axi_periph/s00_couplers/auto_pc/inst/gen_axilite.gen_b2s_conv.axilite_b2s/RD.r_channel_0/rd_data_fifo_0/memory_reg[31][13]_srl32/CLK
High Pulse Width  Fast    SRLC32E/CLK         n/a            0.980         10.000      9.020      SLICE_X30Y91  system_i/ps7_0_axi_periph/s00_couplers/auto_pc/inst/gen_axilite.gen_b2s_conv.axilite_b2s/RD.r_channel_0/rd_data_fifo_0/memory_reg[31][14]_srl32/CLK
High Pulse Width  Fast    SRLC32E/CLK         n/a            0.980         10.000      9.020      SLICE_X30Y92  system_i/ps7_0_axi_periph/s00_couplers/auto_pc/inst/gen_axilite.gen_b2s_conv.axilite_b2s/RD.r_channel_0/rd_data_fifo_0/memory_reg[31][15]_srl32/CLK



---------------------------------------------------------------------------------------------------
Path Group:  **async_default**
From Clock:  clk_fpga_0
  To Clock:  clk

Setup :            0  Failing Endpoints,  Worst Slack       14.541ns,  Total Violation        0.000ns
Hold  :            0  Failing Endpoints,  Worst Slack        1.435ns,  Total Violation        0.000ns
---------------------------------------------------------------------------------------------------


Max Delay Paths
--------------------------------------------------------------------------------------
Slack (MET) :             14.541ns  (required time - arrival time)
  Source:                 system_i/rst_ps7_0_50M/U0/ACTIVE_LOW_PR_OUT_DFF[0].FDRE_PER_N/C
                            (rising edge-triggered cell FDRE clocked by clk_fpga_0  {rise@0.000ns fall@10.000ns period=20.000ns})
  Destination:            system_i/tftlcd_0/inst/tftlcd_v1_0_S00_AXI_inst/TFTLCDctrl_U0/g2m_u0/opclk_reg/CLR
                            (recovery check against rising-edge clock clk  {rise@0.000ns fall@20.000ns period=40.000ns})
  Path Group:             **async_default**
  Path Type:              Recovery (Max at Slow Process Corner)
  Requirement:            20.000ns  (clk fall@20.000ns - clk_fpga_0 rise@0.000ns)
  Data Path Delay:        5.185ns  (logic 0.580ns (11.186%)  route 4.605ns (88.814%))
  Logic Levels:           1  (LUT1=1)
  Clock Path Skew:        0.342ns (DCD - SCD + CPR)
    Destination Clock Delay (DCD):    3.481ns = ( 23.481 - 20.000 ) 
    Source Clock Delay      (SCD):    3.139ns
    Clock Pessimism Removal (CPR):    0.000ns
  Clock Uncertainty:      0.302ns  ((TSJ^2 + TIJ^2)^1/2 + DJ) / 2 + PE
    Total System Jitter     (TSJ):    0.071ns
    Total Input Jitter      (TIJ):    0.600ns
    Discrete Jitter          (DJ):    0.000ns
    Phase Error              (PE):    0.000ns
  Clock Domain Crossing:  Inter clock paths are considered valid unless explicitly excluded by timing constraints such as set_clock_groups or set_false_path.

    Location             Delay type                Incr(ns)  Path(ns)    Netlist Resource(s)
  -------------------------------------------------------------------    -------------------
                         (clock clk_fpga_0 rise edge)
                                                      0.000     0.000 r  
    PS7_X0Y0             PS7                          0.000     0.000 r  system_i/processing_system7_0/inst/PS7_i/FCLKCLK[0]
                         net (fo=1, routed)           1.193     1.193    system_i/processing_system7_0/inst/FCLK_CLK_unbuffered[0]
    BUFGCTRL_X0Y16       BUFG (Prop_bufg_I_O)         0.101     1.294 r  system_i/processing_system7_0/inst/buffer_fclk_clk_0.FCLK_CLK_0_BUFG/O
                         net (fo=854, routed)         1.845     3.139    system_i/rst_ps7_0_50M/U0/slowest_sync_clk
    SLICE_X33Y102        FDRE                                         r  system_i/rst_ps7_0_50M/U0/ACTIVE_LOW_PR_OUT_DFF[0].FDRE_PER_N/C
  -------------------------------------------------------------------    -------------------
    SLICE_X33Y102        FDRE (Prop_fdre_C_Q)         0.456     3.595 r  system_i/rst_ps7_0_50M/U0/ACTIVE_LOW_PR_OUT_DFF[0].FDRE_PER_N/Q
                         net (fo=4, routed)           1.151     4.746    system_i/tftlcd_0/inst/tftlcd_v1_0_S00_AXI_inst/TFTLCDctrl_U0/horizontal_u0/s00_axi_aresetn
    SLICE_X30Y99         LUT1 (Prop_lut1_I0_O)        0.124     4.870 f  system_i/tftlcd_0/inst/tftlcd_v1_0_S00_AXI_inst/TFTLCDctrl_U0/horizontal_u0/opclk_i_2/O
                         net (fo=239, routed)         3.455     8.324    system_i/tftlcd_0/inst/tftlcd_v1_0_S00_AXI_inst/TFTLCDctrl_U0/g2m_u0/opclk_reg_0
    SLICE_X50Y72         FDCE                                         f  system_i/tftlcd_0/inst/tftlcd_v1_0_S00_AXI_inst/TFTLCDctrl_U0/g2m_u0/opclk_reg/CLR
  -------------------------------------------------------------------    -------------------

                         (clock clk fall edge)       20.000    20.000 f  
    M19                                               0.000    20.000 f  clk_0 (IN)
                         net (fo=0)                   0.000    20.000    clk_0
    M19                  IBUF (Prop_ibuf_I_O)         1.366    21.366 f  clk_0_IBUF_inst/O
                         net (fo=1, routed)           2.115    23.481    system_i/tftlcd_0/inst/tftlcd_v1_0_S00_AXI_inst/TFTLCDctrl_U0/g2m_u0/clk
    SLICE_X50Y72         FDCE                                         r  system_i/tftlcd_0/inst/tftlcd_v1_0_S00_AXI_inst/TFTLCDctrl_U0/g2m_u0/opclk_reg/C  (IS_INVERTED)
                         clock pessimism              0.000    23.481    
                         clock uncertainty           -0.302    23.179    
    SLICE_X50Y72         FDCE (Recov_fdce_C_CLR)     -0.314    22.865    system_i/tftlcd_0/inst/tftlcd_v1_0_S00_AXI_inst/TFTLCDctrl_U0/g2m_u0/opclk_reg
  -------------------------------------------------------------------
                         required time                         22.865    
                         arrival time                          -8.324    
  -------------------------------------------------------------------
                         slack                                 14.541    





Min Delay Paths
--------------------------------------------------------------------------------------
Slack (MET) :             1.435ns  (arrival time - required time)
  Source:                 system_i/rst_ps7_0_50M/U0/ACTIVE_LOW_PR_OUT_DFF[0].FDRE_PER_N/C
                            (rising edge-triggered cell FDRE clocked by clk_fpga_0  {rise@0.000ns fall@10.000ns period=20.000ns})
  Destination:            system_i/tftlcd_0/inst/tftlcd_v1_0_S00_AXI_inst/TFTLCDctrl_U0/g2m_u0/opclk_reg/CLR
                            (removal check against rising-edge clock clk  {rise@0.000ns fall@20.000ns period=40.000ns})
  Path Group:             **async_default**
  Path Type:              Removal (Min at Fast Process Corner)
  Requirement:            0.000ns  (clk fall@20.000ns - clk_fpga_0 rise@20.000ns)
  Data Path Delay:        2.311ns  (logic 0.186ns (8.048%)  route 2.125ns (91.952%))
  Logic Levels:           1  (LUT1=1)
  Clock Path Skew:        0.637ns (DCD - SCD - CPR)
    Destination Clock Delay (DCD):    1.614ns = ( 21.614 - 20.000 ) 
    Source Clock Delay      (SCD):    0.977ns = ( 20.977 - 20.000 ) 
    Clock Pessimism Removal (CPR):    -0.000ns
  Clock Uncertainty:      0.302ns  ((TSJ^2 + TIJ^2)^1/2 + DJ) / 2 + PE
    Total System Jitter     (TSJ):    0.071ns
    Total Input Jitter      (TIJ):    0.600ns
    Discrete Jitter          (DJ):    0.000ns
    Phase Error              (PE):    0.000ns
  Clock Domain Crossing:  Inter clock paths are considered valid unless explicitly excluded by timing constraints such as set_clock_groups or set_false_path.

    Location             Delay type                Incr(ns)  Path(ns)    Netlist Resource(s)
  -------------------------------------------------------------------    -------------------
                         (clock clk_fpga_0 rise edge)
                                                     20.000    20.000 r  
    PS7_X0Y0             PS7                          0.000    20.000 r  system_i/processing_system7_0/inst/PS7_i/FCLKCLK[0]
                         net (fo=1, routed)           0.310    20.310    system_i/processing_system7_0/inst/FCLK_CLK_unbuffered[0]
    BUFGCTRL_X0Y16       BUFG (Prop_bufg_I_O)         0.026    20.336 r  system_i/processing_system7_0/inst/buffer_fclk_clk_0.FCLK_CLK_0_BUFG/O
                         net (fo=854, routed)         0.641    20.977    system_i/rst_ps7_0_50M/U0/slowest_sync_clk
    SLICE_X33Y102        FDRE                                         r  system_i/rst_ps7_0_50M/U0/ACTIVE_LOW_PR_OUT_DFF[0].FDRE_PER_N/C
  -------------------------------------------------------------------    -------------------
    SLICE_X33Y102        FDRE (Prop_fdre_C_Q)         0.141    21.118 r  system_i/rst_ps7_0_50M/U0/ACTIVE_LOW_PR_OUT_DFF[0].FDRE_PER_N/Q
                         net (fo=4, routed)           0.457    21.575    system_i/tftlcd_0/inst/tftlcd_v1_0_S00_AXI_inst/TFTLCDctrl_U0/horizontal_u0/s00_axi_aresetn
    SLICE_X30Y99         LUT1 (Prop_lut1_I0_O)        0.045    21.620 f  system_i/tftlcd_0/inst/tftlcd_v1_0_S00_AXI_inst/TFTLCDctrl_U0/horizontal_u0/opclk_i_2/O
                         net (fo=239, routed)         1.669    23.288    system_i/tftlcd_0/inst/tftlcd_v1_0_S00_AXI_inst/TFTLCDctrl_U0/g2m_u0/opclk_reg_0
    SLICE_X50Y72         FDCE                                         f  system_i/tftlcd_0/inst/tftlcd_v1_0_S00_AXI_inst/TFTLCDctrl_U0/g2m_u0/opclk_reg/CLR
  -------------------------------------------------------------------    -------------------

                         (clock clk fall edge)       20.000    20.000 f  
    M19                                               0.000    20.000 f  clk_0 (IN)
                         net (fo=0)                   0.000    20.000    clk_0
    M19                  IBUF (Prop_ibuf_I_O)         0.392    20.392 f  clk_0_IBUF_inst/O
                         net (fo=1, routed)           1.222    21.614    system_i/tftlcd_0/inst/tftlcd_v1_0_S00_AXI_inst/TFTLCDctrl_U0/g2m_u0/clk
    SLICE_X50Y72         FDCE                                         r  system_i/tftlcd_0/inst/tftlcd_v1_0_S00_AXI_inst/TFTLCDctrl_U0/g2m_u0/opclk_reg/C  (IS_INVERTED)
                         clock pessimism              0.000    21.614    
                         clock uncertainty            0.302    21.916    
    SLICE_X50Y72         FDCE (Remov_fdce_C_CLR)     -0.063    21.853    system_i/tftlcd_0/inst/tftlcd_v1_0_S00_AXI_inst/TFTLCDctrl_U0/g2m_u0/opclk_reg
  -------------------------------------------------------------------
                         required time                        -21.853    
                         arrival time                          23.288    
  -------------------------------------------------------------------
                         slack                                  1.435    





